"","Elevation","COD_DPTO","NOM_DPTO","COD_MPIO","NOM_MPIO","TIPO","LATITUD","LONGITUD"
"1",1650,5,"ANTIOQUIA",5001,"MEDELLIN","Municipio",6.257590259,-75.61103107
"2",2150,5,"ANTIOQUIA",5002,"ABEJORRAL","Municipio",5.803728154,-75.43847353
"3",2162,5,"ANTIOQUIA",5004,"ABRIAQUI","Municipio",6.627569378,-76.08597756
"4",1612,5,"ANTIOQUIA",5021,"ALEJANDRIA","Municipio",6.365534125,-75.09059702
"5",1537,5,"ANTIOQUIA",5030,"AMAGA","Municipio",6.032921994,-75.7080031
"6",1351,5,"ANTIOQUIA",5031,"AMALFI","Municipio",6.977788843,-74.9812393
"7",2000,5,"ANTIOQUIA",5034,"ANDES","Municipio",5.604993248,-75.94128391
"8",1685,5,"ANTIOQUIA",5036,"ANGELOPOLIS","Municipio",6.121430303,-75.71594966
"9",2002,5,"ANTIOQUIA",5038,"ANGOSTURA","Municipio",6.861498764,-75.358316
"10",1104,5,"ANTIOQUIA",5040,"ANORI","Municipio",7.193110778,-75.10848954
"11",1387,5,"ANTIOQUIA",5042,"SANTA FE DE ANTIOQUIA","Municipio",6.535711576,-75.90426658
"12",1782,5,"ANTIOQUIA",5044,"ANZA","Municipio",6.293546613,-75.91736927
"13",213,5,"ANTIOQUIA",5045,"APARTADO","Municipio",7.86047815,-76.58236264
"14",49,5,"ANTIOQUIA",5051,"ARBOLETES","Municipio",8.611395262,-76.41478317
"15",930,5,"ANTIOQUIA",5055,"ARGELIA","Municipio",5.708114524,-75.09469795
"16",1174,5,"ANTIOQUIA",5059,"ARMENIA","Municipio",6.163683758,-75.80995528
"17",1517,5,"ANTIOQUIA",5079,"BARBOSA","Municipio",6.443417935,-75.32924085
"18",2883,5,"ANTIOQUIA",5086,"BELMIRA","Municipio",6.665853953,-75.68621659
"19",2340,5,"ANTIOQUIA",5088,"BELLO","Municipio",6.358841086,-75.58973588
"20",1506,5,"ANTIOQUIA",5091,"BETANIA","Municipio",5.727081285,-75.98689107
"21",1297,5,"ANTIOQUIA",5093,"BETULIA","Municipio",6.185783612,-75.95649246
"22",1389,5,"ANTIOQUIA",5101,"CIUDAD BOLIVAR","Municipio",5.840995666,-76.01065253
"23",1501,5,"ANTIOQUIA",5107,"BRICENO","Municipio",7.111788462,-75.56223474
"24",1432,5,"ANTIOQUIA",5113,"BURITICA","Municipio",6.80906489,-75.91206595
"25",116,5,"ANTIOQUIA",5120,"CACERES","Municipio",7.665155105,-75.22369744
"26",2063,5,"ANTIOQUIA",5125,"CAICEDO","Municipio",6.423463639,-75.99351498
"27",1911,5,"ANTIOQUIA",5129,"CALDAS","Municipio",6.054446841,-75.62642674
"28",1200,5,"ANTIOQUIA",5134,"CAMPAMENTO","Municipio",7.036017478,-75.28766178
"29",1770,5,"ANTIOQUIA",5138,"CANASGORDAS","Municipio",6.814950023,-76.02689632
"30",658,5,"ANTIOQUIA",5142,"CARACOLI","Municipio",6.33797388,-74.73354817
"31",2198,5,"ANTIOQUIA",5145,"CARAMANTA","Municipio",5.555275296,-75.63082096
"32",50,5,"ANTIOQUIA",5147,"CAREPA","Municipio",7.757967437,-76.64374657
"33",2477,5,"ANTIOQUIA",5148,"EL CARMEN DE VIBORAL","Municipio",5.978078841,-75.2635361
"34",2049,5,"ANTIOQUIA",5150,"CAROLINA","Municipio",6.754821442,-75.30590654
"35",62,5,"ANTIOQUIA",5154,"CAUCASIA","Municipio",7.867941792,-75.03501824
"36",58,5,"ANTIOQUIA",5172,"CHIGORODO","Municipio",7.631665644,-76.63964213
"37",1387,5,"ANTIOQUIA",5190,"CISNEROS","Municipio",6.550065431,-75.08254116
"38",1150,5,"ANTIOQUIA",5197,"COCORNA","Municipio",6.005593074,-75.16015403
"39",1972,5,"ANTIOQUIA",5206,"CONCEPCION","Municipio",6.376106187,-75.21785901
"40",1579,5,"ANTIOQUIA",5209,"CONCORDIA","Municipio",6.057468678,-75.90014678
"41",1621,5,"ANTIOQUIA",5212,"COPACABANA","Municipio",6.351882893,-75.50075633
"42",1086,5,"ANTIOQUIA",5234,"DABEIBA","Municipio",6.992243782,-76.31426328
"43",2346,5,"ANTIOQUIA",5237,"DONMATIAS","Municipio",6.492403905,-75.42227687
"44",1358,5,"ANTIOQUIA",5240,"EBEJICO","Municipio",6.326444922,-75.78331175
"45",220,5,"ANTIOQUIA",5250,"EL BAGRE","Municipio",7.704633351,-74.66427726
"46",2439,5,"ANTIOQUIA",5264,"ENTRERRIOS","Municipio",6.594656004,-75.55913083
"47",2065,5,"ANTIOQUIA",5266,"ENVIGADO","Municipio",6.154394922,-75.54686779
"48",1605,5,"ANTIOQUIA",5282,"FREDONIA","Municipio",5.887702934,-75.67926242
"49",1340,5,"ANTIOQUIA",5284,"FRONTINO","Municipio",6.691364773,-76.33199656
"50",1890,5,"ANTIOQUIA",5306,"GIRALDO","Municipio",6.663095863,-75.94804663
"51",1482,5,"ANTIOQUIA",5308,"GIRARDOTA","Municipio",6.379745895,-75.44795744
"52",1577,5,"ANTIOQUIA",5310,"GOMEZ PLATA","Municipio",6.709562839,-75.19270291
"53",1771,5,"ANTIOQUIA",5313,"GRANADA","Municipio",6.123380721,-75.12763646
"54",1653,5,"ANTIOQUIA",5315,"GUADALUPE","Municipio",6.861576325,-75.22591303
"55",2231,5,"ANTIOQUIA",5318,"GUARNE","Municipio",6.266625703,-75.43730801
"56",1981,5,"ANTIOQUIA",5321,"GUATAPE","Municipio",6.236329826,-75.15651272
"57",1890,5,"ANTIOQUIA",5347,"HELICONIA","Municipio",6.214511788,-75.74971002
"58",1113,5,"ANTIOQUIA",5353,"HISPANIA","Municipio",5.797039002,-75.90669203
"59",1635,5,"ANTIOQUIA",5360,"ITAGI","Municipio",6.179279438,-75.6142037
"60",1537,5,"ANTIOQUIA",5361,"ITUANGO","Municipio",7.341549718,-75.67842277
"61",2383,5,"ANTIOQUIA",5364,"JARDIN","Municipio",5.574444339,-75.81842575
"62",1944,5,"ANTIOQUIA",5368,"JERICO","Municipio",5.769820536,-75.76488256
"63",2433,5,"ANTIOQUIA",5376,"LA CEJA","Municipio",5.992524843,-75.43086935
"64",1896,5,"ANTIOQUIA",5380,"LA ESTRELLA","Municipio",6.137595883,-75.64895499
"65",717,5,"ANTIOQUIA",5390,"LA PINTADA","Municipio",5.746583958,-75.60220206
"66",2439,5,"ANTIOQUIA",5400,"LA UNION","Municipio",5.940434685,-75.35429023
"67",1815,5,"ANTIOQUIA",5411,"LIBORINA","Municipio",6.723990935,-75.78300046
"68",826,5,"ANTIOQUIA",5425,"MACEO","Municipio",6.534573585,-74.71410854
"69",2132,5,"ANTIOQUIA",5440,"MARINILLA","Municipio",6.18520515,-75.30487933
"70",2027,5,"ANTIOQUIA",5467,"MONTEBELLO","Municipio",5.916853903,-75.51972693
"71",32,5,"ANTIOQUIA",5475,"MURINDO","Municipio",6.828773855,-76.70861349
"72",146,5,"ANTIOQUIA",5480,"MUTATA","Municipio",7.329557848,-76.4630657
"73",1343,5,"ANTIOQUIA",5483,"NARINO","Municipio",5.581275312,-75.19457019
"74",65,5,"ANTIOQUIA",5490,"NECOCLI","Municipio",8.493728551,-76.67699588
"75",269,5,"ANTIOQUIA",5495,"NECHI","Municipio",7.983477394,-74.65844186
"76",1183,5,"ANTIOQUIA",5501,"OLAYA","Municipio",6.611418083,-75.77567097
"77",1933,5,"ANTIOQUIA",5541,"PENOL","Municipio",6.232396368,-75.22350906
"78",1863,5,"ANTIOQUIA",5543,"PEQUE","Municipio",7.044180058,-75.88968843
"79",1606,5,"ANTIOQUIA",5576,"PUEBLORRICO","Municipio",5.80970186,-75.86076667
"80",301,5,"ANTIOQUIA",5579,"PUERTO BERRIO","Municipio",6.481922267,-74.5287421
"81",325,5,"ANTIOQUIA",5585,"PUERTO NARE","Municipio",6.126539139,-74.70317722
"82",177,5,"ANTIOQUIA",5591,"PUERTO TRIUNFO","Municipio",5.954830151,-74.6861918
"83",558,5,"ANTIOQUIA",5604,"REMEDIOS","Municipio",6.997267375,-74.55865652
"84",2342,5,"ANTIOQUIA",5607,"RETIRO","Municipio",6.053444254,-75.51573805
"85",2109,5,"ANTIOQUIA",5615,"RIONEGRO","Municipio",6.150785807,-75.41076052
"86",907,5,"ANTIOQUIA",5628,"SABANALARGA","Municipio",6.901000506,-75.79222754
"87",1763,5,"ANTIOQUIA",5631,"SABANETA","Municipio",6.138305183,-75.60880599
"88",1503,5,"ANTIOQUIA",5642,"SALGAR","Municipio",5.970502334,-75.98137251
"89",1977,5,"ANTIOQUIA",5647,"SAN ANDRES DE CUERQUIA","Municipio",6.918427233,-75.6657758
"90",1020,5,"ANTIOQUIA",5649,"SAN CARLOS","Municipio",6.193789659,-74.90732769
"91",870,5,"ANTIOQUIA",5652,"SAN FRANCISCO","Municipio",5.840093731,-74.98176334
"92",1583,5,"ANTIOQUIA",5656,"SAN JERONIMO","Municipio",6.438300409,-75.70310727
"93",2866,5,"ANTIOQUIA",5658,"SAN JOSE DE LA MONTANA","Municipio",6.823258913,-75.67770826
"94",67,5,"ANTIOQUIA",5659,"SAN JUAN DE URABA","Municipio",8.707141583,-76.53248234
"95",1388,5,"ANTIOQUIA",5660,"SAN LUIS","Municipio",6.024205956,-75.0076674
"96",2490,5,"ANTIOQUIA",5664,"SAN PEDRO DE LOS MILAGROS","Municipio",6.458666308,-75.5624839
"97",85,5,"ANTIOQUIA",5665,"SAN PEDRO DE URABA","Municipio",8.37915695,-76.31664233
"98",1032,5,"ANTIOQUIA",5667,"SAN RAFAEL","Municipio",6.31074453,-74.99858652
"99",1139,5,"ANTIOQUIA",5670,"SAN ROQUE","Municipio",6.466165211,-74.9450732
"100",2227,5,"ANTIOQUIA",5674,"SAN VICENTE FERRER","Municipio",6.310387522,-75.32740163
"101",1514,5,"ANTIOQUIA",5679,"SANTA BARBARA","Municipio",5.878984956,-75.58330371
"102",2591,5,"ANTIOQUIA",5686,"SANTA ROSA DE OSOS","Municipio",6.675827825,-75.43814333
"103",1970,5,"ANTIOQUIA",5690,"SANTO DOMINGO","Municipio",6.481044132,-75.14260097
"104",2239,5,"ANTIOQUIA",5697,"EL SANTUARIO","Municipio",6.124209495,-75.25212278
"105",533,5,"ANTIOQUIA",5736,"SEGOVIA","Municipio",7.26692339,-74.62163926
"106",498,5,"ANTIOQUIA",5756,"SONSON","Municipio",5.826388779,-74.83637623
"107",1132,5,"ANTIOQUIA",5761,"SOPETRAN","Municipio",6.520164552,-75.74580903
"108",2021,5,"ANTIOQUIA",5789,"TAMESIS","Municipio",5.673758571,-75.70979974
"109",388,5,"ANTIOQUIA",5790,"TARAZA","Municipio",7.488875998,-75.40189438
"110",1417,5,"ANTIOQUIA",5792,"TARSO","Municipio",5.871064557,-75.82871144
"111",1687,5,"ANTIOQUIA",5809,"TITIRIBI","Municipio",6.058349971,-75.79966005
"112",1394,5,"ANTIOQUIA",5819,"TOLEDO","Municipio",7.016397069,-75.71363382
"113",298,5,"ANTIOQUIA",5837,"TURBO","Municipio",8.173851745,-76.5740377
"114",1038,5,"ANTIOQUIA",5842,"URAMITA","Municipio",6.913916924,-76.13318514
"115",1828,5,"ANTIOQUIA",5847,"URRAO","Municipio",6.33534134,-76.25906482
"116",431,5,"ANTIOQUIA",5854,"VALDIVIA","Municipio",7.265404213,-75.40094502
"117",946,5,"ANTIOQUIA",5856,"VALPARAISO","Municipio",5.651937802,-75.63083412
"118",915,5,"ANTIOQUIA",5858,"VEGACHI","Municipio",6.836535122,-74.7540302
"119",1433,5,"ANTIOQUIA",5861,"VENECIA","Municipio",5.956576355,-75.77722423
"120",55,5,"ANTIOQUIA",5873,"VIGIA DEL FUERTE","Municipio",6.453351334,-76.69504802
"121",994,5,"ANTIOQUIA",5885,"YALI","Municipio",6.716870679,-74.75565002
"122",2357,5,"ANTIOQUIA",5887,"YARUMAL","Municipio",6.9881309,-75.45439957
"123",1424,5,"ANTIOQUIA",5890,"YOLOMBO","Municipio",6.64442786,-75.02990266
"124",102,5,"ANTIOQUIA",5893,"YONDO","Municipio",6.925159318,-74.15824041
"125",130,5,"ANTIOQUIA",5895,"ZARAGOZA","Municipio",7.474004006,-74.85848326
"126",69,8,"ATLANTICO",8001,"BARRANQUILLA","Municipio",10.98152051,-74.82771544
"127",156,8,"ATLANTICO",8078,"BARANOA","Municipio",10.79329302,-74.92219491
"128",6,8,"ATLANTICO",8137,"CAMPO DE LA CRUZ","Municipio",10.38405079,-74.88466039
"129",29,8,"ATLANTICO",8141,"CANDELARIA","Municipio",10.48902047,-74.87756627
"130",81,8,"ATLANTICO",8296,"GALAPA","Municipio",10.89771991,-74.88708788
"131",76,8,"ATLANTICO",8372,"JUAN DE ACOSTA","Municipio",10.82306503,-75.07841904
"132",159,8,"ATLANTICO",8421,"LURUACO","Municipio",10.63503116,-75.15402741
"133",54,8,"ATLANTICO",8433,"MALAMBO","Municipio",10.84828864,-74.80617555
"134",5,8,"ATLANTICO",8436,"MANATI","Municipio",10.45414555,-74.98477367
"135",18,8,"ATLANTICO",8520,"PALMAR DE VARELA","Municipio",10.69481208,-74.7701509
"136",80,8,"ATLANTICO",8549,"PIOJO","Municipio",10.74078959,-75.14366034
"137",80,8,"ATLANTICO",8558,"POLONUEVO","Municipio",10.76740141,-74.85414844
"138",32,8,"ATLANTICO",8560,"PONEDERA","Municipio",10.59465102,-74.79847316
"139",23,8,"ATLANTICO",8573,"PUERTO COLOMBIA","Municipio",11.0044226,-74.9074058
"140",34,8,"ATLANTICO",8606,"REPELON","Municipio",10.50757051,-75.12188053
"141",16,8,"ATLANTICO",8634,"SABANAGRANDE","Municipio",10.79894015,-74.7687966
"142",115,8,"ATLANTICO",8638,"SABANALARGA","Municipio",10.62250777,-74.95510542
"143",7,8,"ATLANTICO",8675,"SANTA LUCIA","Municipio",10.35364192,-74.96541179
"144",16,8,"ATLANTICO",8685,"SANTO TOMAS","Municipio",10.75562656,-74.78726468
"145",16,8,"ATLANTICO",8758,"SOLEDAD","Municipio",10.9069066,-74.7784249
"146",6,8,"ATLANTICO",8770,"SUAN","Municipio",10.31085035,-74.90713308
"147",151,8,"ATLANTICO",8832,"TUBARA","Municipio",10.90721938,-74.98423293
"148",87,8,"ATLANTICO",8849,"USIACURI","Municipio",10.74052266,-74.98267413
"149",3633,11,"BOGOTA, D.C.",11001,"BOGOTA, D.C.","Municipio",4.316107698,-74.1810727
"150",3,13,"BOLIVAR",13001,"CARTAGENA DE INDIAS","Municipio",10.46343362,-75.45889915
"151",20,13,"BOLIVAR",13006,"ACHI","Municipio",8.622943262,-74.47805945
"152",19,13,"BOLIVAR",13030,"ALTOS DEL ROSARIO","Municipio",8.757468863,-74.19515811
"153",786,13,"BOLIVAR",13042,"ARENAL","Municipio",8.362996158,-74.10301905
"154",59,13,"BOLIVAR",13052,"ARJONA","Municipio",10.16422123,-75.37121788
"155",62,13,"BOLIVAR",13062,"ARROYOHONDO","Municipio",10.24171805,-75.02690422
"156",20,13,"BOLIVAR",13074,"BARRANCO DE LOBA","Municipio",8.837077654,-74.27966531
"157",55,13,"BOLIVAR",13140,"CALAMAR","Municipio",10.15517098,-74.99995949
"158",266,13,"BOLIVAR",13160,"CANTAGALLO","Municipio",7.239229146,-74.10014043
"159",11,13,"BOLIVAR",13188,"CICUCO","Municipio",9.235268598,-74.68840962
"160",42,13,"BOLIVAR",13212,"CORDOBA","Municipio",9.540047515,-74.89445635
"161",69,13,"BOLIVAR",13222,"CLEMENCIA","Municipio",10.55663696,-75.31446653
"162",233,13,"BOLIVAR",13244,"EL CARMEN DE BOLIVAR","Municipio",9.699819876,-75.15793573
"163",76,13,"BOLIVAR",13248,"EL GUAMO","Municipio",10.03483672,-74.92811072
"164",28,13,"BOLIVAR",13268,"EL PENON","Municipio",8.864818786,-73.91230147
"165",24,13,"BOLIVAR",13300,"HATILLO DE LOBA","Municipio",8.981717133,-74.09071902
"166",12,13,"BOLIVAR",13430,"MAGANGUE","Municipio",9.053135895,-74.70539318
"167",28,13,"BOLIVAR",13433,"MAHATES","Municipio",10.17821391,-75.17978161
"168",21,13,"BOLIVAR",13440,"MARGARITA","Municipio",9.054601889,-74.22584706
"169",5,13,"BOLIVAR",13442,"MARIA LA BAJA","Municipio",9.976017168,-75.34380265
"170",224,13,"BOLIVAR",13458,"MONTECRISTO","Municipio",8.01710024,-74.46342911
"171",12,13,"BOLIVAR",13468,"SANTA CRUZ DE MOMPOX","Municipio",9.142512064,-74.54519906
"172",419,13,"BOLIVAR",13473,"MORALES","Municipio",8.253700061,-73.9713459
"173",189,13,"BOLIVAR",13490,"NOROSI","Municipio",8.50613476,-74.11588912
"174",16,13,"BOLIVAR",13549,"PINILLOS","Municipio",8.886315511,-74.40888476
"175",32,13,"BOLIVAR",13580,"REGIDOR","Municipio",8.672628558,-73.91450679
"176",35,13,"BOLIVAR",13600,"RIO VIEJO","Municipio",8.559982465,-73.90298668
"177",10,13,"BOLIVAR",13620,"SAN CRISTOBAL","Municipio",10.36972087,-75.07333835
"178",23,13,"BOLIVAR",13647,"SAN ESTANISLAO","Municipio",10.36468192,-75.20523487
"179",16,13,"BOLIVAR",13650,"SAN FERNANDO","Municipio",9.081483143,-74.37186647
"180",284,13,"BOLIVAR",13654,"SAN JACINTO","Municipio",9.835362011,-75.10609201
"181",27,13,"BOLIVAR",13655,"SAN JACINTO DEL CAUCA","Municipio",8.212463202,-74.75082
"182",262,13,"BOLIVAR",13657,"SAN JUAN NEPOMUCENO","Municipio",9.967957823,-75.06571959
"183",145,13,"BOLIVAR",13667,"SAN MARTIN DE LOBA","Municipio",8.816088444,-74.00599967
"184",362,13,"BOLIVAR",13670,"SAN PABLO","Municipio",7.507922612,-74.10356977
"185",33,13,"BOLIVAR",13673,"SANTA CATALINA","Municipio",10.64981278,-75.26548463
"186",65,13,"BOLIVAR",13683,"SANTA ROSA","Municipio",10.46920726,-75.36116053
"187",1213,13,"BOLIVAR",13688,"SANTA ROSA DEL SUR","Municipio",7.772519173,-74.26272843
"188",65,13,"BOLIVAR",13744,"SIMITI","Municipio",7.851315534,-73.98371609
"189",7,13,"BOLIVAR",13760,"SOPLAVIENTO","Municipio",10.33209031,-75.11699226
"190",15,13,"BOLIVAR",13780,"TALAIGUA NUEVO","Municipio",9.269516705,-74.58695233
"191",46,13,"BOLIVAR",13810,"TIQUISIO","Municipio",8.492345176,-74.29676139
"192",147,13,"BOLIVAR",13836,"TURBACO","Municipio",10.35310756,-75.37971541
"193",110,13,"BOLIVAR",13838,"TURBANA","Municipio",10.25276929,-75.43270299
"194",135,13,"BOLIVAR",13873,"VILLANUEVA","Municipio",10.4449132,-75.26736275
"195",79,13,"BOLIVAR",13894,"ZAMBRANO","Municipio",9.745147021,-74.88067037
"196",3029,15,"BOYACA",15001,"TUNJA","Municipio",5.518472615,-73.37801856
"197",2378,15,"BOYACA",15022,"ALMEIDA","Municipio",4.954825081,-73.38813425
"198",3435,15,"BOYACA",15047,"AQUITANIA","Municipio",5.437416373,-72.87149471
"199",3056,15,"BOYACA",15051,"ARCABUCO","Municipio",5.73526424,-73.42793109
"200",3055,15,"BOYACA",15087,"BELEN","Municipio",6.005059265,-72.89369887
"201",1318,15,"BOYACA",15090,"BERBEO","Municipio",5.230936356,-73.12731944
"202",2915,15,"BOYACA",15092,"BETEITIVA","Municipio",5.920858933,-72.84857876
"203",2492,15,"BOYACA",15097,"BOAVITA","Municipio",6.337515626,-72.62021239
"204",2624,15,"BOYACA",15104,"BOYACA","Municipio",5.439856216,-73.38136994
"205",1190,15,"BOYACA",15106,"BRICENO","Municipio",5.673229265,-73.92660705
"206",2232,15,"BOYACA",15109,"BUENAVISTA","Municipio",5.489399419,-73.95066255
"207",2659,15,"BOYACA",15114,"BUSBANZA","Municipio",5.843483731,-72.87574623
"208",2786,15,"BOYACA",15131,"CALDAS","Municipio",5.575990669,-73.88057508
"209",1212,15,"BOYACA",15135,"CAMPOHERMOSO","Municipio",5.006862536,-73.1446703
"210",3287,15,"BOYACA",15162,"CERINZA","Municipio",5.962013698,-72.96447288
"211",2150,15,"BOYACA",15172,"CHINAVITA","Municipio",5.202971639,-73.34048074
"212",2606,15,"BOYACA",15176,"CHIQUINQUIRA","Municipio",5.622488024,-73.80424531
"213",3500,15,"BOYACA",15180,"CHISCAS","Municipio",6.68911806,-72.41795675
"214",3245,15,"BOYACA",15183,"CHITA","Municipio",6.091468485,-72.43903174
"215",1878,15,"BOYACA",15185,"CHITARAQUE","Municipio",5.984394625,-73.42582375
"216",2876,15,"BOYACA",15187,"CHIVATA","Municipio",5.556830465,-73.26061715
"217",2767,15,"BOYACA",15189,"CIENEGA","Municipio",5.393059633,-73.28205772
"218",2916,15,"BOYACA",15204,"COMBITA","Municipio",5.667822366,-73.32137049
"219",1448,15,"BOYACA",15212,"COPER","Municipio",5.452461072,-74.05996578
"220",2578,15,"BOYACA",15215,"CORRALES","Municipio",5.82454582,-72.84544845
"221",1803,15,"BOYACA",15218,"COVARACHIA","Municipio",6.519521476,-72.74020421
"222",1769,15,"BOYACA",15223,"CUBARA","Municipio",6.886954878,-72.18156285
"223",2980,15,"BOYACA",15224,"CUCAITA","Municipio",5.527104109,-73.44598646
"224",3077,15,"BOYACA",15226,"CUITIVA","Municipio",5.58775449,-72.93953686
"225",2997,15,"BOYACA",15232,"CHIQUIZA","Municipio",5.643075648,-73.44562391
"226",1649,15,"BOYACA",15236,"CHIVOR","Municipio",4.871181606,-73.36142379
"227",3434,15,"BOYACA",15238,"DUITAMA","Municipio",5.890602515,-73.06709484
"228",3424,15,"BOYACA",15244,"EL COCUY","Municipio",6.353363177,-72.41923752
"229",2900,15,"BOYACA",15248,"EL ESPINO","Municipio",6.508240556,-72.48049625
"230",2748,15,"BOYACA",15272,"FIRAVITOBA","Municipio",5.67367659,-73.01983352
"231",2577,15,"BOYACA",15276,"FLORESTA","Municipio",5.85899211,-72.92499827
"232",2284,15,"BOYACA",15293,"GACHANTIVA","Municipio",5.744105975,-73.5426552
"233",3728,15,"BOYACA",15296,"GAMEZA","Municipio",5.799050256,-72.72964765
"234",2443,15,"BOYACA",15299,"GARAGOA","Municipio",5.089466651,-73.31430272
"235",2790,15,"BOYACA",15317,"GUACAMAYAS","Municipio",6.445438546,-72.51635332
"236",2007,15,"BOYACA",15322,"GUATEQUE","Municipio",5.01450831,-73.48812352
"237",1876,15,"BOYACA",15325,"GUAYATA","Municipio",4.931424341,-73.49663372
"238",4228,15,"BOYACA",15332,"GICAN DE LA SIERRA","Municipio",6.566991765,-72.25599334
"239",2678,15,"BOYACA",15362,"IZA","Municipio",5.617366016,-72.96986504
"240",2578,15,"BOYACA",15367,"JENESANO","Municipio",5.38916272,-73.40087021
"241",2537,15,"BOYACA",15368,"JERICO","Municipio",6.155633662,-72.58523093
"242",1587,15,"BOYACA",15377,"LABRANZAGRANDE","Municipio",5.541378132,-72.5903846
"243",2500,15,"BOYACA",15380,"LA CAPILLA","Municipio",5.113167102,-73.45923708
"244",1412,15,"BOYACA",15401,"LA VICTORIA","Municipio",5.507008121,-74.24162727
"245",2913,15,"BOYACA",15403,"LA UVITA","Municipio",6.265126191,-72.55551085
"246",2246,15,"BOYACA",15407,"VILLA DE LEYVA","Municipio",5.665762424,-73.514948
"247",1881,15,"BOYACA",15425,"MACANAL","Municipio",4.980176495,-73.29413695
"248",1149,15,"BOYACA",15442,"MARIPI","Municipio",5.569810633,-74.02003127
"249",2438,15,"BOYACA",15455,"MIRAFLORES","Municipio",5.150953297,-73.17896722
"250",2105,15,"BOYACA",15464,"MONGUA","Municipio",5.710937981,-72.63402875
"251",3640,15,"BOYACA",15466,"MONGUI","Municipio",5.697352228,-72.83298664
"252",1827,15,"BOYACA",15469,"MONIQUIRA","Municipio",5.863370485,-73.55852538
"253",3095,15,"BOYACA",15476,"MOTAVITA","Municipio",5.606192449,-73.37734267
"254",1046,15,"BOYACA",15480,"MUZO","Municipio",5.539429272,-74.11177139
"255",2594,15,"BOYACA",15491,"NOBSA","Municipio",5.778759851,-72.93268324
"256",2570,15,"BOYACA",15494,"NUEVO COLON","Municipio",5.354701485,-73.44873424
"257",2700,15,"BOYACA",15500,"OICATA","Municipio",5.610787844,-73.27991905
"258",755,15,"BOYACA",15507,"OTANCHE","Municipio",5.753787787,-74.19719423
"259",1935,15,"BOYACA",15511,"PACHAVITA","Municipio",5.148323877,-73.39951219
"260",1087,15,"BOYACA",15514,"PAEZ","Municipio",5.095211035,-73.00435863
"261",2610,15,"BOYACA",15516,"PAIPA","Municipio",5.762027786,-73.13777442
"262",1709,15,"BOYACA",15518,"PAJARITO","Municipio",5.382328949,-72.69672674
"263",2711,15,"BOYACA",15522,"PANQUEBA","Municipio",6.443299758,-72.46182431
"264",782,15,"BOYACA",15531,"PAUNA","Municipio",5.688801559,-74.00504122
"265",1370,15,"BOYACA",15533,"PAYA","Municipio",5.621242742,-72.3692906
"266",2713,15,"BOYACA",15537,"PAZ DE RIO","Municipio",6.030008561,-72.75988018
"267",3378,15,"BOYACA",15542,"PESCA","Municipio",5.498483324,-73.07837993
"268",2383,15,"BOYACA",15550,"PISBA","Municipio",5.768131812,-72.43993232
"269",176,15,"BOYACA",15572,"PUERTO BOYACA","Municipio",5.953466654,-74.4528581
"270",969,15,"BOYACA",15580,"QUIPAMA","Municipio",5.595729831,-74.26857067
"271",2844,15,"BOYACA",15599,"RAMIRIQUI","Municipio",5.319934092,-73.310779
"272",2827,15,"BOYACA",15600,"RAQUIRA","Municipio",5.496268621,-73.62894438
"273",2301,15,"BOYACA",15621,"RONDON","Municipio",5.379947879,-73.19650995
"274",2692,15,"BOYACA",15632,"SABOYA","Municipio",5.699926051,-73.74799466
"275",2403,15,"BOYACA",15638,"SACHICA","Municipio",5.573464882,-73.543102
"276",2814,15,"BOYACA",15646,"SAMACA","Municipio",5.47053997,-73.5211756
"277",1733,15,"BOYACA",15660,"SAN EDUARDO","Municipio",5.234614686,-73.04914067
"278",1794,15,"BOYACA",15664,"SAN JOSE DE PARE","Municipio",5.994154088,-73.54386522
"279",472,15,"BOYACA",15667,"SAN LUIS DE GACENO","Municipio",4.798203543,-73.13397018
"280",2352,15,"BOYACA",15673,"SAN MATEO","Municipio",6.395388812,-72.55184862
"281",2618,15,"BOYACA",15676,"SAN MIGUEL DE SEMA","Municipio",5.532326922,-73.74715898
"282",1199,15,"BOYACA",15681,"SAN PABLO DE BORBUR","Municipio",5.677345066,-74.11403749
"283",1554,15,"BOYACA",15686,"SANTANA","Municipio",6.057614971,-73.48974828
"284",988,15,"BOYACA",15690,"SANTA MARIA","Municipio",4.823002556,-73.25377506
"285",2948,15,"BOYACA",15693,"SANTA ROSA DE VITERBO","Municipio",5.892950301,-72.9917278
"286",2402,15,"BOYACA",15696,"SANTA SOFIA","Municipio",5.731602716,-73.60366287
"287",3260,15,"BOYACA",15720,"SATIVANORTE","Municipio",6.13211793,-72.73032415
"288",2836,15,"BOYACA",15723,"SATIVASUR","Municipio",6.083405978,-72.72410815
"289",3202,15,"BOYACA",15740,"SIACHOQUE","Municipio",5.498747701,-73.21681778
"290",2178,15,"BOYACA",15753,"SOATA","Municipio",6.323088045,-72.69604089
"291",3059,15,"BOYACA",15755,"SOCOTA","Municipio",5.906513772,-72.53646361
"292",2890,15,"BOYACA",15757,"SOCHA","Municipio",5.960498836,-72.68239784
"293",3679,15,"BOYACA",15759,"SOGAMOSO","Municipio",5.646672053,-72.8709565
"294",1774,15,"BOYACA",15761,"SOMONDOCO","Municipio",4.970974064,-73.42878785
"295",2895,15,"BOYACA",15762,"SORA","Municipio",5.580573191,-73.44371838
"296",2667,15,"BOYACA",15763,"SOTAQUIRA","Municipio",5.763010553,-73.24352232
"297",2865,15,"BOYACA",15764,"SORACA","Municipio",5.494890461,-73.31899997
"298",3187,15,"BOYACA",15774,"SUSACON","Municipio",6.215200578,-72.71575634
"299",2660,15,"BOYACA",15776,"SUTAMARCHAN","Municipio",5.640030759,-73.62598773
"300",1550,15,"BOYACA",15778,"SUTATENZA","Municipio",5.030711335,-73.41224401
"301",3583,15,"BOYACA",15790,"TASCO","Municipio",5.882294313,-72.72626817
"302",1977,15,"BOYACA",15798,"TENZA","Municipio",5.071413139,-73.42479699
"303",2169,15,"BOYACA",15804,"TIBANA","Municipio",5.301116649,-73.3932521
"304",2884,15,"BOYACA",15806,"TIBASOSA","Municipio",5.747329389,-73.01114724
"305",2305,15,"BOYACA",15808,"TINJACA","Municipio",5.577566497,-73.67614572
"306",1831,15,"BOYACA",15810,"TIPACOQUE","Municipio",6.42035349,-72.69463583
"307",3120,15,"BOYACA",15814,"TOCA","Municipio",5.580254287,-73.1606969
"308",1945,15,"BOYACA",15816,"TOGI","Municipio",5.921830062,-73.48921806
"309",2644,15,"BOYACA",15820,"TOPAGA","Municipio",5.765350303,-72.83672958
"310",3114,15,"BOYACA",15822,"TOTA","Municipio",5.501297215,-72.99633297
"311",1197,15,"BOYACA",15832,"TUNUNGUA","Municipio",5.720301516,-73.94330927
"312",2512,15,"BOYACA",15835,"TURMEQUE","Municipio",5.305697418,-73.50908714
"313",2650,15,"BOYACA",15837,"TUTA","Municipio",5.678126998,-73.17343053
"314",3195,15,"BOYACA",15839,"TUTAZA","Municipio",6.078051903,-72.85707832
"315",2809,15,"BOYACA",15842,"UMBITA","Municipio",5.217241368,-73.46338477
"316",3012,15,"BOYACA",15861,"VENTAQUEMADA","Municipio",5.383385481,-73.52097942
"317",2797,15,"BOYACA",15879,"VIRACACHA","Municipio",5.440558216,-73.26627456
"318",1910,15,"BOYACA",15897,"ZETAQUIRA","Municipio",5.285635983,-73.16763091
"319",1776,17,"CALDAS",17001,"MANIZALES","Municipio",5.08343301,-75.50727881
"320",2236,17,"CALDAS",17013,"AGUADAS","Municipio",5.616204006,-75.4554471
"321",1638,17,"CALDAS",17042,"ANSERMA","Municipio",5.20029922,-75.75289078
"322",1990,17,"CALDAS",17050,"ARANZAZU","Municipio",5.265539969,-75.47392619
"323",1254,17,"CALDAS",17088,"BELALCAZAR","Municipio",4.99467728,-75.81225989
"324",1358,17,"CALDAS",17174,"CHINCHINA","Municipio",4.974340569,-75.65954686
"325",1126,17,"CALDAS",17272,"FILADELFIA","Municipio",5.285743777,-75.58978784
"326",202,17,"CALDAS",17380,"LA DORADA","Municipio",5.410515691,-74.72114262
"327",1448,17,"CALDAS",17388,"LA MERCED","Municipio",5.393185716,-75.55791071
"328",1906,17,"CALDAS",17433,"MANZANARES","Municipio",5.23295391,-75.15263447
"329",1497,17,"CALDAS",17442,"MARMATO","Municipio",5.492632029,-75.60209955
"330",1279,17,"CALDAS",17444,"MARQUETALIA","Municipio",5.309142491,-75.04117892
"331",2671,17,"CALDAS",17446,"MARULANDA","Municipio",5.235585244,-75.28316648
"332",1742,17,"CALDAS",17486,"NEIRA","Municipio",5.183358589,-75.50692977
"333",506,17,"CALDAS",17495,"NORCASIA","Municipio",5.638062349,-74.85492707
"334",2008,17,"CALDAS",17513,"PACORA","Municipio",5.500035035,-75.48245057
"335",1159,17,"CALDAS",17524,"PALESTINA","Municipio",5.050342543,-75.66176266
"336",2718,17,"CALDAS",17541,"PENSILVANIA","Municipio",5.407187836,-75.16683996
"337",2274,17,"CALDAS",17614,"RIOSUCIO","Municipio",5.442275418,-75.75220499
"338",1110,17,"CALDAS",17616,"RISARALDA","Municipio",5.097563816,-75.73335166
"339",2580,17,"CALDAS",17653,"SALAMINA","Municipio",5.370332425,-75.40962177
"340",859,17,"CALDAS",17662,"SAMANA","Municipio",5.519692873,-74.99718577
"341",1245,17,"CALDAS",17665,"SAN JOSE","Municipio",5.083424513,-75.8101789
"342",1306,17,"CALDAS",17777,"SUPIA","Municipio",5.45295802,-75.64035705
"343",320,17,"CALDAS",17867,"VICTORIA","Municipio",5.447542859,-74.83622502
"344",2875,17,"CALDAS",17873,"VILLAMARIA","Municipio",4.940211591,-75.43544014
"345",1144,17,"CALDAS",17877,"VITERBO","Municipio",5.047822054,-75.879297
"346",644,18,"CAQUETA",18001,"FLORENCIA","Municipio",1.749138704,-75.55823906
"347",268,18,"CAQUETA",18029,"ALBANIA","Municipio",1.22786549,-75.88232651
"348",568,18,"CAQUETA",18094,"BELEN DE LOS ANDAQUIES","Municipio",1.536174657,-75.90947504
"349",218,18,"CAQUETA",18150,"CARTAGENA DEL CHAIRA","Municipio",0.647693081,-74.27235499
"350",238,18,"CAQUETA",18205,"CURILLO","Municipio",1.115379292,-75.97328452
"351",390,18,"CAQUETA",18247,"EL DONCELLO","Municipio",1.713734697,-75.26878109
"352",262,18,"CAQUETA",18256,"EL PAUJIL","Municipio",1.476630016,-75.20231825
"353",237,18,"CAQUETA",18410,"LA MONTANITA","Municipio",1.302860442,-75.23572732
"354",231,18,"CAQUETA",18460,"MILAN","Municipio",1.146692554,-75.38664764
"355",248,18,"CAQUETA",18479,"MORELIA","Municipio",1.38299611,-75.67381123
"356",706,18,"CAQUETA",18592,"PUERTO RICO","Municipio",2.018940891,-75.07308627
"357",1087,18,"CAQUETA",18610,"SAN JOSE DEL FRAGUA","Municipio",1.304702314,-76.11000594
"358",226,18,"CAQUETA",18753,"SAN VICENTE DEL CAGUAN","Municipio",1.308465061,-74.19746971
"359",143,18,"CAQUETA",18756,"SOLANO","Municipio",0.096131862,-72.32036402
"360",219,18,"CAQUETA",18785,"SOLITA","Municipio",0.943939454,-75.64668544
"361",237,18,"CAQUETA",18860,"VALPARAISO","Municipio",1.07534915,-75.73779004
"362",1748,19,"CAUCA",19001,"POPAYAN","Municipio",2.471704362,-76.59194419
"363",1877,19,"CAUCA",19022,"ALMAGUER","Municipio",1.912440521,-76.83494519
"364",1665,19,"CAUCA",19050,"ARGELIA","Municipio",2.329337283,-77.26314906
"365",1924,19,"CAUCA",19075,"BALBOA","Municipio",2.084732945,-77.2088133
"366",1773,19,"CAUCA",19100,"BOLIVAR","Municipio",1.853951938,-76.96337454
"367",1236,19,"CAUCA",19110,"BUENOS AIRES","Municipio",2.988923885,-76.62158951
"368",1707,19,"CAUCA",19130,"CAJIBIO","Municipio",2.643209848,-76.70138914
"369",2110,19,"CAUCA",19137,"CALDONO","Municipio",2.803845691,-76.42719377
"370",1547,19,"CAUCA",19142,"CALOTO","Municipio",3.062875557,-76.32127977
"371",1566,19,"CAUCA",19212,"CORINTO","Municipio",3.136753606,-76.20964569
"372",1355,19,"CAUCA",19256,"EL TAMBO","Municipio",2.534488312,-77.00511207
"373",1392,19,"CAUCA",19290,"FLORENCIA","Municipio",1.69453474,-77.08735723
"374",989,19,"CAUCA",19300,"GUACHENE","Municipio",3.144389993,-76.39234811
"375",118,19,"CAUCA",19318,"GUAPI","Municipio",2.41326696,-77.69047531
"376",2748,19,"CAUCA",19355,"INZA","Municipio",2.499058783,-76.13762531
"377",2182,19,"CAUCA",19364,"JAMBALO","Municipio",2.84981013,-76.31124919
"378",1486,19,"CAUCA",19392,"LA SIERRA","Municipio",2.187473572,-76.78228032
"379",2389,19,"CAUCA",19397,"LA VEGA","Municipio",2.053933426,-76.7588062
"380",132,19,"CAUCA",19418,"LOPEZ DE MICAY","Municipio",2.95819877,-77.24212158
"381",1005,19,"CAUCA",19450,"MERCADERES","Municipio",1.793825164,-77.18060381
"382",1157,19,"CAUCA",19455,"MIRANDA","Municipio",3.228235212,-76.21670827
"383",1376,19,"CAUCA",19473,"MORALES","Municipio",2.773663981,-76.74605152
"384",984,19,"CAUCA",19513,"PADILLA","Municipio",3.194730618,-76.3362418
"385",2123,19,"CAUCA",19517,"PAEZ","Municipio",2.733887702,-75.99368264
"386",650,19,"CAUCA",19532,"PATIA","Municipio",2.157983906,-77.0465762
"387",389,19,"CAUCA",19533,"PIAMONTE","Municipio",1.054128816,-76.4443271
"388",1927,19,"CAUCA",19548,"PIENDAMO - TUNIA","Municipio",2.702420026,-76.53770455
"389",959,19,"CAUCA",19573,"PUERTO TEJADA","Municipio",3.266724205,-76.41846353
"390",3509,19,"CAUCA",19585,"PURACE","Municipio",2.262153618,-76.44826938
"391",1652,19,"CAUCA",19622,"ROSAS","Municipio",2.260421954,-76.74582033
"392",2935,19,"CAUCA",19693,"SAN SEBASTIAN","Municipio",1.856261815,-76.71652424
"393",1178,19,"CAUCA",19698,"SANTANDER DE QUILICHAO","Municipio",2.984467338,-76.49873145
"394",1461,19,"CAUCA",19701,"SANTA ROSA","Municipio",1.52002179,-76.53876281
"395",2851,19,"CAUCA",19743,"SILVIA","Municipio",2.651291894,-76.35057356
"396",2817,19,"CAUCA",19760,"SOTARA PAISPAMBA","Municipio",2.231820541,-76.61146633
"397",1574,19,"CAUCA",19780,"SUAREZ","Municipio",2.936865997,-76.7458243
"398",1787,19,"CAUCA",19785,"SUCRE","Municipio",2.057735184,-76.90993965
"399",1773,19,"CAUCA",19807,"TIMBIO","Municipio",2.369625312,-76.71051932
"400",74,19,"CAUCA",19809,"TIMBIQUI","Municipio",2.699475127,-77.49131577
"401",2787,19,"CAUCA",19821,"TORIBIO","Municipio",2.975771999,-76.20331566
"402",2812,19,"CAUCA",19824,"TOTORO","Municipio",2.475213085,-76.39675937
"403",965,19,"CAUCA",19845,"VILLA RICA","Municipio",3.180627317,-76.46445558
"404",90,20,"CESAR",20001,"VALLEDUPAR","Municipio",10.21890277,-73.45784764
"405",125,20,"CESAR",20011,"AGUACHICA","Municipio",8.248735219,-73.6227405
"406",150,20,"CESAR",20013,"AGUSTIN CODAZZI","Municipio",9.949215908,-73.22358244
"407",73,20,"CESAR",20032,"ASTREA","Municipio",9.510727925,-73.94214641
"408",103,20,"CESAR",20045,"BECERRIL","Municipio",9.727732939,-73.25250522
"409",80,20,"CESAR",20060,"BOSCONIA","Municipio",9.946391309,-73.86628815
"410",48,20,"CESAR",20175,"CHIMICHAGUA","Municipio",9.27797765,-73.84697903
"411",41,20,"CESAR",20178,"CHIRIGUANA","Municipio",9.426648354,-73.54797894
"412",487,20,"CESAR",20228,"CURUMANI","Municipio",9.238771332,-73.48810861
"413",422,20,"CESAR",20238,"EL COPEY","Municipio",10.19995356,-73.91282064
"414",41,20,"CESAR",20250,"EL PASO","Municipio",9.683474681,-73.73833778
"415",61,20,"CESAR",20295,"GAMARRA","Municipio",8.337726622,-73.70649199
"416",1496,20,"CESAR",20310,"GONZALEZ","Municipio",8.405516522,-73.37537309
"417",129,20,"CESAR",20383,"LA GLORIA","Municipio",8.588002247,-73.61602384
"418",199,20,"CESAR",20400,"LA JAGUA DE IBIRICO","Municipio",9.52099808,-73.32249338
"419",917,20,"CESAR",20443,"MANAURE BALCON DEL CESAR","Municipio",10.38027852,-73.00706275
"420",318,20,"CESAR",20517,"PAILITAS","Municipio",8.938916143,-73.57247213
"421",118,20,"CESAR",20550,"PELAYA","Municipio",8.764116734,-73.63295546
"422",1242,20,"CESAR",20570,"PUEBLO BELLO","Municipio",10.41736874,-73.61450632
"423",295,20,"CESAR",20614,"RIO DE ORO","Municipio",8.201070245,-73.48750127
"424",1741,20,"CESAR",20621,"LA PAZ","Municipio",10.24440562,-73.07824569
"425",72,20,"CESAR",20710,"SAN ALBERTO","Municipio",7.769815987,-73.47218888
"426",113,20,"CESAR",20750,"SAN DIEGO","Municipio",10.16952712,-73.2879827
"427",67,20,"CESAR",20770,"SAN MARTIN","Municipio",7.937788454,-73.54436312
"428",35,20,"CESAR",20787,"TAMALAMEQUE","Municipio",8.902075012,-73.7633962
"429",36,23,"CORDOBA",23001,"MONTERIA","Municipio",8.584698016,-75.95055079
"430",21,23,"CORDOBA",23068,"AYAPEL","Municipio",8.265768688,-75.04868436
"431",45,23,"CORDOBA",23079,"BUENAVISTA","Municipio",8.191397953,-75.43382532
"432",96,23,"CORDOBA",23090,"CANALETE","Municipio",8.7240958,-76.23779081
"433",14,23,"CORDOBA",23162,"CERETE","Municipio",8.895667051,-75.87842391
"434",3,23,"CORDOBA",23168,"CHIMA","Municipio",9.11024941,-75.65237351
"435",81,23,"CORDOBA",23182,"CHINU","Municipio",9.053287104,-75.37387363
"436",39,23,"CORDOBA",23189,"CIENAGA DE ORO","Municipio",8.841811894,-75.60779829
"437",5,23,"CORDOBA",23300,"COTORRA","Municipio",9.071460219,-75.75459276
"438",58,23,"CORDOBA",23350,"LA APARTADA","Municipio",8.052218422,-75.28816022
"439",22,23,"CORDOBA",23417,"LORICA","Municipio",9.165034998,-75.90978124
"440",95,23,"CORDOBA",23419,"LOS CORDOBAS","Municipio",8.823307063,-76.3430552
"441",23,23,"CORDOBA",23464,"MOMIL","Municipio",9.265461621,-75.65090876
"442",196,23,"CORDOBA",23466,"MONTELIBANO","Municipio",7.866432635,-75.87533926
"443",78,23,"CORDOBA",23500,"MONITOS","Municipio",9.190515343,-76.11931709
"444",112,23,"CORDOBA",23555,"PLANETA RICA","Municipio",8.181108488,-75.68923803
"445",57,23,"CORDOBA",23570,"PUEBLO NUEVO","Municipio",8.481339568,-75.40516154
"446",42,23,"CORDOBA",23574,"PUERTO ESCONDIDO","Municipio",8.988667731,-76.19405912
"447",179,23,"CORDOBA",23580,"PUERTO LIBERTADOR","Municipio",7.711515736,-75.77123224
"448",41,23,"CORDOBA",23586,"PURISIMA DE LA CONCEPCION","Municipio",9.282386127,-75.72129392
"449",102,23,"CORDOBA",23660,"SAHAGUN","Municipio",8.799007016,-75.42925664
"450",62,23,"CORDOBA",23670,"SAN ANDRES DE SOTAVENTO","Municipio",9.121296353,-75.52091711
"451",47,23,"CORDOBA",23672,"SAN ANTERO","Municipio",9.359667489,-75.78700252
"452",6,23,"CORDOBA",23675,"SAN BERNARDO DEL VIENTO","Municipio",9.330098329,-75.97623858
"453",60,23,"CORDOBA",23678,"SAN CARLOS","Municipio",8.706464263,-75.69251825
"454",200,23,"CORDOBA",23682,"SAN JOSE DE URE","Municipio",7.753054395,-75.5672474
"455",20,23,"CORDOBA",23686,"SAN PELAYO","Municipio",8.987777392,-75.90958771
"456",335,23,"CORDOBA",23807,"TIERRALTA","Municipio",7.813896829,-76.16846678
"457",55,23,"CORDOBA",23815,"TUCHIN","Municipio",9.224630803,-75.54410593
"458",188,23,"CORDOBA",23855,"VALENCIA","Municipio",8.219904128,-76.2213286
"459",399,25,"CUNDINAMARCA",25001,"AGUA DE DIOS","Municipio",4.372744676,-74.67111051
"460",2005,25,"CUNDINAMARCA",25019,"ALBAN","Municipio",4.891121638,-74.44278432
"461",706,25,"CUNDINAMARCA",25035,"ANAPOIMA","Municipio",4.559962881,-74.5256953
"462",1442,25,"CUNDINAMARCA",25040,"ANOLAIMA","Municipio",4.789313614,-74.46194256
"463",2054,25,"CUNDINAMARCA",25053,"ARBELAEZ","Municipio",4.232786985,-74.39576291
"464",288,25,"CUNDINAMARCA",25086,"BELTRAN","Municipio",4.791721105,-74.71491399
"465",1427,25,"CUNDINAMARCA",25095,"BITUIMA","Municipio",4.847821091,-74.52862766
"466",2336,25,"CUNDINAMARCA",25099,"BOJACA","Municipio",4.705576252,-74.3354077
"467",2607,25,"CUNDINAMARCA",25120,"CABRERA","Municipio",3.91861924,-74.44615606
"468",1264,25,"CUNDINAMARCA",25123,"CACHIPAY","Municipio",4.723063341,-74.45919528
"469",2591,25,"CUNDINAMARCA",25126,"CAJICA","Municipio",4.930402779,-74.02985115
"470",610,25,"CUNDINAMARCA",25148,"CAPARRAPI","Municipio",5.381501399,-74.52123595
"471",1917,25,"CUNDINAMARCA",25151,"CAQUEZA","Municipio",4.402259457,-73.94482435
"472",3185,25,"CUNDINAMARCA",25154,"CARMEN DE CARUPA","Municipio",5.338856556,-73.92614817
"473",827,25,"CUNDINAMARCA",25168,"CHAGUANI","Municipio",4.95425175,-74.63090139
"474",2707,25,"CUNDINAMARCA",25175,"CHIA","Municipio",4.857823671,-74.03809539
"475",3168,25,"CUNDINAMARCA",25178,"CHIPAQUE","Municipio",4.463746629,-74.04605246
"476",2385,25,"CUNDINAMARCA",25181,"CHOACHI","Municipio",4.578183896,-73.95290054
"477",2705,25,"CUNDINAMARCA",25183,"CHOCONTA","Municipio",5.118419271,-73.68068583
"478",2900,25,"CUNDINAMARCA",25200,"COGUA","Municipio",5.103127532,-73.97536559
"479",2561,25,"CUNDINAMARCA",25214,"COTA","Municipio",4.76754674,-74.1415583
"480",2786,25,"CUNDINAMARCA",25224,"CUCUNUBA","Municipio",5.230308105,-73.78001885
"481",1294,25,"CUNDINAMARCA",25245,"EL COLEGIO","Municipio",4.556947085,-74.42658478
"482",1305,25,"CUNDINAMARCA",25258,"EL PENON","Municipio",5.261728244,-74.30830564
"483",2683,25,"CUNDINAMARCA",25260,"EL ROSAL","Municipio",4.879723016,-74.23802273
"484",2700,25,"CUNDINAMARCA",25269,"FACATATIVA","Municipio",4.834052334,-74.3380229
"485",2765,25,"CUNDINAMARCA",25279,"FOMEQUE","Municipio",4.528568462,-73.79705267
"486",2027,25,"CUNDINAMARCA",25281,"FOSCA","Municipio",4.316280072,-73.95286784
"487",2548,25,"CUNDINAMARCA",25286,"FUNZA","Municipio",4.743996711,-74.19865992
"488",2619,25,"CUNDINAMARCA",25288,"FUQUENE","Municipio",5.416288902,-73.77059829
"489",1556,25,"CUNDINAMARCA",25290,"FUSAGASUGA","Municipio",4.323534028,-74.38859114
"490",1957,25,"CUNDINAMARCA",25293,"GACHALA","Municipio",4.65495513,-73.51055381
"491",2749,25,"CUNDINAMARCA",25295,"GACHANCIPA","Municipio",5.01001953,-73.87671759
"492",2239,25,"CUNDINAMARCA",25297,"GACHETA","Municipio",4.867551134,-73.61773287
"493",2636,25,"CUNDINAMARCA",25299,"GAMA","Municipio",4.723573464,-73.60054441
"494",417,25,"CUNDINAMARCA",25307,"GIRARDOT","Municipio",4.338154518,-74.81143922
"495",2413,25,"CUNDINAMARCA",25312,"GRANADA","Municipio",4.523484884,-74.33724619
"496",2728,25,"CUNDINAMARCA",25317,"GUACHETA","Municipio",5.387291542,-73.69328234
"497",899,25,"CUNDINAMARCA",25320,"GUADUAS","Municipio",5.173554764,-74.64014651
"498",3131,25,"CUNDINAMARCA",25322,"GUASCA","Municipio",4.801276832,-73.84643485
"499",465,25,"CUNDINAMARCA",25324,"GUATAQUI","Municipio",4.516381655,-74.78257788
"500",3143,25,"CUNDINAMARCA",25326,"GUATAVITA","Municipio",4.91158717,-73.78648564
"501",1733,25,"CUNDINAMARCA",25328,"GUAYABAL DE SIQUIMA","Municipio",4.866310254,-74.4767709
"502",1614,25,"CUNDINAMARCA",25335,"GUAYABETAL","Municipio",4.231875945,-73.83543981
"503",2523,25,"CUNDINAMARCA",25339,"GUTIERREZ","Municipio",4.166089563,-74.0246527
"504",364,25,"CUNDINAMARCA",25368,"JERUSALEN","Municipio",4.571350254,-74.68915854
"505",2673,25,"CUNDINAMARCA",25372,"JUNIN","Municipio",4.705170789,-73.69247873
"506",2881,25,"CUNDINAMARCA",25377,"LA CALERA","Municipio",4.700785443,-73.92939921
"507",948,25,"CUNDINAMARCA",25386,"LA MESA","Municipio",4.650773167,-74.47321717
"508",1440,25,"CUNDINAMARCA",25394,"LA PALMA","Municipio",5.333400646,-74.40807863
"509",1032,25,"CUNDINAMARCA",25398,"LA PENA","Municipio",5.20459882,-74.40786611
"510",1347,25,"CUNDINAMARCA",25402,"LA VEGA","Municipio",4.978619842,-74.33936061
"511",2786,25,"CUNDINAMARCA",25407,"LENGUAZAQUE","Municipio",5.303637171,-73.68153228
"512",2593,25,"CUNDINAMARCA",25426,"MACHETA","Municipio",5.040349198,-73.61738241
"513",2559,25,"CUNDINAMARCA",25430,"MADRID","Municipio",4.75156751,-74.2896305
"514",2003,25,"CUNDINAMARCA",25436,"MANTA","Municipio",4.976881151,-73.56313741
"515",560,25,"CUNDINAMARCA",25438,"MEDINA","Municipio",4.484437919,-73.40598487
"516",2542,25,"CUNDINAMARCA",25473,"MOSQUERA","Municipio",4.672714223,-74.23573194
"517",418,25,"CUNDINAMARCA",25483,"NARINO","Municipio",4.407952015,-74.80565317
"518",2588,25,"CUNDINAMARCA",25486,"NEMOCON","Municipio",5.093705358,-73.88380238
"519",417,25,"CUNDINAMARCA",25488,"NILO","Municipio",4.294780933,-74.614695
"520",1086,25,"CUNDINAMARCA",25489,"NIMAIMA","Municipio",5.121445325,-74.39737048
"521",994,25,"CUNDINAMARCA",25491,"NOCAIMA","Municipio",5.066110761,-74.38975476
"522",2430,25,"CUNDINAMARCA",25506,"VENECIA","Municipio",4.063342074,-74.45259796
"523",2087,25,"CUNDINAMARCA",25513,"PACHO","Municipio",5.168367634,-74.16336544
"524",1135,25,"CUNDINAMARCA",25518,"PAIME","Municipio",5.387647345,-74.16395696
"525",1124,25,"CUNDINAMARCA",25524,"PANDI","Municipio",4.180497268,-74.4711213
"526",252,25,"CUNDINAMARCA",25530,"PARATEBUENO","Municipio",4.368158959,-73.2416614
"527",2607,25,"CUNDINAMARCA",25535,"PASCA","Municipio",4.293733611,-74.27396924
"528",304,25,"CUNDINAMARCA",25572,"PUERTO SALGAR","Municipio",5.619752748,-74.5801923
"529",980,25,"CUNDINAMARCA",25580,"PULI","Municipio",4.691336253,-74.68074404
"530",1167,25,"CUNDINAMARCA",25592,"QUEBRADANEGRA","Municipio",5.09998103,-74.4945107
"531",1908,25,"CUNDINAMARCA",25594,"QUETAME","Municipio",4.334589044,-73.85264561
"532",1749,25,"CUNDINAMARCA",25596,"QUIPILE","Municipio",4.726907976,-74.55359926
"533",635,25,"CUNDINAMARCA",25599,"APULO","Municipio",4.537711619,-74.59124656
"534",299,25,"CUNDINAMARCA",25612,"RICAURTE","Municipio",4.307363489,-74.72943403
"535",1511,25,"CUNDINAMARCA",25645,"SAN ANTONIO DEL TEQUENDAMA","Municipio",4.599741357,-74.34490342
"536",2663,25,"CUNDINAMARCA",25649,"SAN BERNARDO","Municipio",4.140958464,-74.35397692
"537",2364,25,"CUNDINAMARCA",25653,"SAN CAYETANO","Municipio",5.314600423,-74.07232077
"538",1840,25,"CUNDINAMARCA",25658,"SAN FRANCISCO","Municipio",4.964100703,-74.27217129
"539",1347,25,"CUNDINAMARCA",25662,"SAN JUAN DE RIOSECO","Municipio",4.814537831,-74.61525985
"540",1558,25,"CUNDINAMARCA",25718,"SASAIMA","Municipio",4.946805263,-74.41230921
"541",3002,25,"CUNDINAMARCA",25736,"SESQUILE","Municipio",5.000633875,-73.77206544
"542",2687,25,"CUNDINAMARCA",25740,"SIBATE","Municipio",4.465970004,-74.26328963
"543",1989,25,"CUNDINAMARCA",25743,"SILVANIA","Municipio",4.436967141,-74.37050903
"544",2706,25,"CUNDINAMARCA",25745,"SIMIJACA","Municipio",5.509773128,-73.84519164
"545",2599,25,"CUNDINAMARCA",25754,"SOACHA","Municipio",4.581866267,-74.24029696
"546",2712,25,"CUNDINAMARCA",25758,"SOPO","Municipio",4.888060112,-73.96587528
"547",2821,25,"CUNDINAMARCA",25769,"SUBACHOQUE","Municipio",4.970358034,-74.15689923
"548",2708,25,"CUNDINAMARCA",25772,"SUESCA","Municipio",5.122728461,-73.82427313
"549",1896,25,"CUNDINAMARCA",25777,"SUPATA","Municipio",5.061692703,-74.23138328
"550",2698,25,"CUNDINAMARCA",25779,"SUSA","Municipio",5.440092358,-73.82392529
"551",2754,25,"CUNDINAMARCA",25781,"SUTATAUSA","Municipio",5.242909347,-73.85540343
"552",2768,25,"CUNDINAMARCA",25785,"TABIO","Municipio",4.951520046,-74.08449648
"553",3103,25,"CUNDINAMARCA",25793,"TAUSA","Municipio",5.170527212,-73.95819594
"554",1763,25,"CUNDINAMARCA",25797,"TENA","Municipio",4.666608192,-74.36764956
"555",2578,25,"CUNDINAMARCA",25799,"TENJO","Municipio",4.838548601,-74.14680287
"556",1188,25,"CUNDINAMARCA",25805,"TIBACUY","Municipio",4.321357899,-74.48667274
"557",2568,25,"CUNDINAMARCA",25807,"TIBIRITA","Municipio",5.084102682,-73.51362546
"558",361,25,"CUNDINAMARCA",25815,"TOCAIMA","Municipio",4.452072974,-74.64864406
"559",2572,25,"CUNDINAMARCA",25817,"TOCANCIPA","Municipio",4.968852913,-73.92887021
"560",1253,25,"CUNDINAMARCA",25823,"TOPAIPI","Municipio",5.355688386,-74.28963994
"561",2295,25,"CUNDINAMARCA",25839,"UBALA","Municipio",4.803805182,-73.47654604
"562",2889,25,"CUNDINAMARCA",25841,"UBAQUE","Municipio",4.500754182,-73.97564545
"563",2596,25,"CUNDINAMARCA",25843,"VILLA DE SAN DIEGO DE UBATE","Municipio",5.316080652,-73.82010566
"564",3335,25,"CUNDINAMARCA",25845,"UNE","Municipio",4.244611163,-74.11187304
"565",632,25,"CUNDINAMARCA",25851,"UTICA","Municipio",5.192795708,-74.47780003
"566",1165,25,"CUNDINAMARCA",25862,"VERGARA","Municipio",5.131267542,-74.30979229
"567",1765,25,"CUNDINAMARCA",25867,"VIANI","Municipio",4.914040619,-74.54936655
"568",1863,25,"CUNDINAMARCA",25871,"VILLAGOMEZ","Municipio",5.270694636,-74.19074375
"569",3038,25,"CUNDINAMARCA",25873,"VILLAPINZON","Municipio",5.227298709,-73.57725921
"570",947,25,"CUNDINAMARCA",25875,"VILLETA","Municipio",5.011670402,-74.48764746
"571",1102,25,"CUNDINAMARCA",25878,"VIOTA","Municipio",4.436054105,-74.48543339
"572",1035,25,"CUNDINAMARCA",25885,"YACOPI","Municipio",5.591910157,-74.36480865
"573",2573,25,"CUNDINAMARCA",25898,"ZIPACON","Municipio",4.75432173,-74.38673444
"574",3146,25,"CUNDINAMARCA",25899,"ZIPAQUIRA","Municipio",5.06631685,-74.04960323
"575",60,27,"CHOCO",27001,"QUIBDO","Municipio",5.7543229,-76.65015147
"576",81,27,"CHOCO",27006,"ACANDI","Municipio",8.383938499,-77.26560256
"577",315,27,"CHOCO",27025,"ALTO BAUDO","Municipio",5.636740989,-77.0842154
"578",50,27,"CHOCO",27050,"ATRATO","Municipio",5.525825084,-76.65064357
"579",588,27,"CHOCO",27073,"BAGADO","Municipio",5.503119772,-76.19796907
"580",54,27,"CHOCO",27075,"BAHIA SOLANO","Municipio",6.162762775,-77.41653534
"581",97,27,"CHOCO",27077,"BAJO BAUDO","Municipio",4.492865435,-77.08271352
"582",155,27,"CHOCO",27099,"BOJAYA","Municipio",6.474666885,-77.09933025
"583",86,27,"CHOCO",27135,"EL CANTON DEL SAN PABLO","Municipio",5.359661967,-76.77255624
"584",6,27,"CHOCO",27150,"CARMEN DEL DARIEN","Municipio",7.033646541,-76.97423016
"585",129,27,"CHOCO",27160,"CERTEGUI","Municipio",5.389828229,-76.52264237
"586",194,27,"CHOCO",27205,"CONDOTO","Municipio",5.070586101,-76.50701751
"587",1710,27,"CHOCO",27245,"EL CARMEN DE ATRATO","Municipio",5.810938364,-76.19189442
"588",58,27,"CHOCO",27250,"EL LITORAL DEL SAN JUAN","Municipio",4.272940191,-76.98785828
"589",69,27,"CHOCO",27361,"ISTMINA","Municipio",4.586818665,-77.00090737
"590",73,27,"CHOCO",27372,"JURADO","Municipio",7.103338868,-77.67973662
"591",171,27,"CHOCO",27413,"LLORO","Municipio",5.585101179,-76.38544449
"592",38,27,"CHOCO",27425,"MEDIO ATRATO","Municipio",6.033880098,-76.6734697
"593",48,27,"CHOCO",27430,"MEDIO BAUDO","Municipio",5.110392243,-76.99593075
"594",52,27,"CHOCO",27450,"MEDIO SAN JUAN","Municipio",4.621182739,-76.80861843
"595",249,27,"CHOCO",27491,"NOVITA","Municipio",4.853386627,-76.61823669
"596",241,27,"CHOCO",27495,"NUQUI","Municipio",5.591359844,-77.33057439
"597",319,27,"CHOCO",27580,"RIO IRO","Municipio",5.190995015,-76.41996151
"598",78,27,"CHOCO",27600,"RIO QUITO","Municipio",5.567533337,-76.81157084
"599",16,27,"CHOCO",27615,"RIOSUCIO","Municipio",7.389887937,-77.24067483
"600",923,27,"CHOCO",27660,"SAN JOSE DEL PALMAR","Municipio",4.958741345,-76.28002361
"601",209,27,"CHOCO",27745,"SIPI","Municipio",4.594415157,-76.54194459
"602",445,27,"CHOCO",27787,"TADO","Municipio",5.26610158,-76.33109547
"603",96,27,"CHOCO",27800,"UNGUIA","Municipio",8.117281079,-77.10372723
"604",120,27,"CHOCO",27810,"UNION PANAMERICANA","Municipio",5.281599258,-76.61962746
"605",460,41,"HUILA",41001,"NEIVA","Municipio",2.993360046,-75.27236232
"606",1367,41,"HUILA",41006,"ACEVEDO","Municipio",1.709114446,-75.99664184
"607",834,41,"HUILA",41013,"AGRADO","Municipio",2.26975042,-75.71632236
"608",414,41,"HUILA",41016,"AIPE","Municipio",3.243441923,-75.27670655
"609",2056,41,"HUILA",41020,"ALGECIRAS","Municipio",2.49785068,-75.29134946
"610",1055,41,"HUILA",41026,"ALTAMIRA","Municipio",2.07922808,-75.76858288
"611",1905,41,"HUILA",41078,"BARAYA","Municipio",3.135423634,-74.95797796
"612",764,41,"HUILA",41132,"CAMPOALEGRE","Municipio",2.658666675,-75.32943803
"613",1829,41,"HUILA",41206,"COLOMBIA","Municipio",3.262763564,-74.78516117
"614",1148,41,"HUILA",41244,"ELIAS","Municipio",2.022053305,-75.94430521
"615",1478,41,"HUILA",41298,"GARZON","Municipio",2.172441496,-75.57131243
"616",1240,41,"HUILA",41306,"GIGANTE","Municipio",2.371781539,-75.51699754
"617",1701,41,"HUILA",41319,"GUADALUPE","Municipio",1.984394016,-75.69693549
"618",1171,41,"HUILA",41349,"HOBO","Municipio",2.541654161,-75.44781083
"619",2415,41,"HUILA",41357,"IQUIRA","Municipio",2.691517773,-75.67383141
"620",1764,41,"HUILA",41359,"ISNOS","Municipio",1.945591321,-76.18204722
"621",2042,41,"HUILA",41378,"LA ARGENTINA","Municipio",2.156287619,-76.00679451
"622",1874,41,"HUILA",41396,"LA PLATA","Municipio",2.328076586,-76.00117299
"623",1740,41,"HUILA",41483,"NATAGA","Municipio",2.576066285,-75.78693757
"624",1922,41,"HUILA",41503,"OPORAPA","Municipio",2.061191362,-76.04110289
"625",1271,41,"HUILA",41518,"PAICOL","Municipio",2.40689827,-75.72803027
"626",592,41,"HUILA",41524,"PALERMO","Municipio",2.914491967,-75.44066118
"627",1769,41,"HUILA",41530,"PALESTINA","Municipio",1.68458076,-76.1478559
"628",1138,41,"HUILA",41548,"PITAL","Municipio",2.259601773,-75.8319516
"629",1273,41,"HUILA",41551,"PITALITO","Municipio",1.848217185,-76.05217643
"630",721,41,"HUILA",41615,"RIVERA","Municipio",2.79286115,-75.23536868
"631",2109,41,"HUILA",41660,"SALADOBLANCO","Municipio",2.100382849,-76.22897871
"632",2082,41,"HUILA",41668,"SAN AGUSTIN","Municipio",1.924165493,-76.4165655
"633",1980,41,"HUILA",41676,"SANTA MARIA","Municipio",2.926265937,-75.63359786
"634",1195,41,"HUILA",41770,"SUAZA","Municipio",1.870992095,-75.80798471
"635",1777,41,"HUILA",41791,"TARQUI","Municipio",2.130280544,-75.87534845
"636",870,41,"HUILA",41797,"TESALIA","Municipio",2.526855132,-75.68259642
"637",942,41,"HUILA",41799,"TELLO","Municipio",3.030611777,-75.08536553
"638",2939,41,"HUILA",41801,"TERUEL","Municipio",2.851852692,-75.75988934
"639",1293,41,"HUILA",41807,"TIMANA","Municipio",1.950715226,-75.91757649
"640",422,41,"HUILA",41872,"VILLAVIEJA","Municipio",3.287057875,-75.13838292
"641",612,41,"HUILA",41885,"YAGUARA","Municipio",2.646563339,-75.51592645
"642",77,44,"LA GUAJIRA",44001,"RIOHACHA","Municipio",11.24297214,-72.95876315
"643",80,44,"LA GUAJIRA",44035,"ALBANIA","Municipio",11.22869049,-72.53209657
"644",242,44,"LA GUAJIRA",44078,"BARRANCAS","Municipio",10.94871677,-72.69696879
"645",792,44,"LA GUAJIRA",44090,"DIBULLA","Municipio",11.09029715,-73.43568788
"646",357,44,"LA GUAJIRA",44098,"DISTRACCION","Municipio",10.92505107,-72.94444027
"647",431,44,"LA GUAJIRA",44110,"EL MOLINO","Municipio",10.63669646,-72.8858431
"648",222,44,"LA GUAJIRA",44279,"FONSECA","Municipio",10.8283716,-72.8018178
"649",340,44,"LA GUAJIRA",44378,"HATONUEVO","Municipio",11.09905582,-72.73842427
"650",570,44,"LA GUAJIRA",44420,"LA JAGUA DEL PILAR","Municipio",10.4580941,-73.07209193
"651",54,44,"LA GUAJIRA",44430,"MAICAO","Municipio",11.38157764,-72.29500818
"652",19,44,"LA GUAJIRA",44560,"MANAURE","Municipio",11.60554263,-72.57160392
"653",405,44,"LA GUAJIRA",44650,"SAN JUAN DEL CESAR","Municipio",10.81311496,-73.08659986
"654",97,44,"LA GUAJIRA",44847,"URIBIA","Municipio",11.99971986,-71.74882662
"655",1213,44,"LA GUAJIRA",44855,"URUMITA","Municipio",10.4947021,-72.98623991
"656",238,44,"LA GUAJIRA",44874,"VILLANUEVA","Municipio",10.58364755,-72.97520286
"657",909,47,"MAGDALENA",47001,"SANTA MARTA","Municipio",11.12189436,-73.88527855
"658",108,47,"MAGDALENA",47030,"ALGARROBO","Municipio",10.25356475,-74.10323027
"659",1148,47,"MAGDALENA",47053,"ARACATACA","Municipio",10.64490877,-73.87972257
"660",121,47,"MAGDALENA",47058,"ARIGUANI","Municipio",9.834264955,-74.08460085
"661",10,47,"MAGDALENA",47161,"CERRO DE SAN ANTONIO","Municipio",10.3132933,-74.80834413
"662",111,47,"MAGDALENA",47170,"CHIVOLO","Municipio",10.09951961,-74.52606667
"663",1460,47,"MAGDALENA",47189,"CIENAGA","Municipio",10.85754552,-74.02500493
"664",57,47,"MAGDALENA",47205,"CONCORDIA","Municipio",10.23284801,-74.77810175
"665",36,47,"MAGDALENA",47245,"EL BANCO","Municipio",9.114930635,-73.98105491
"666",37,47,"MAGDALENA",47258,"EL PINON","Municipio",10.34310988,-74.67817756
"667",15,47,"MAGDALENA",47268,"EL RETEN","Municipio",10.65961696,-74.3251597
"668",1215,47,"MAGDALENA",47288,"FUNDACION","Municipio",10.45937818,-73.88406518
"669",36,47,"MAGDALENA",47318,"GUAMAL","Municipio",9.248004673,-74.13968085
"670",100,47,"MAGDALENA",47460,"NUEVA GRANADA","Municipio",9.735998134,-74.32840222
"671",68,47,"MAGDALENA",47541,"PEDRAZA","Municipio",10.15429546,-74.83178091
"672",73,47,"MAGDALENA",47545,"PIJINO DEL CARMEN","Municipio",9.530748654,-74.1447657
"673",45,47,"MAGDALENA",47551,"PIVIJAY","Municipio",10.43303399,-74.41251197
"674",77,47,"MAGDALENA",47555,"PLATO","Municipio",9.76945611,-74.60181576
"675",NA,47,"MAGDALENA",47570,"PUEBLOVIEJO","Municipio",10.84758901,-74.36057942
"676",4,47,"MAGDALENA",47605,"REMOLINO","Municipio",10.64860351,-74.58106823
"677",155,47,"MAGDALENA",47660,"SABANAS DE SAN ANGEL","Municipio",10.10533028,-74.2644392
"678",7,47,"MAGDALENA",47675,"SALAMINA","Municipio",10.51538178,-74.72296972
"679",56,47,"MAGDALENA",47692,"SAN SEBASTIAN DE BUENAVISTA","Municipio",9.380680272,-74.19797988
"680",31,47,"MAGDALENA",47703,"SAN ZENON","Municipio",9.306869548,-74.35851644
"681",61,47,"MAGDALENA",47707,"SANTA ANA","Municipio",9.503097215,-74.44419381
"682",38,47,"MAGDALENA",47720,"SANTA BARBARA DE PINTO","Municipio",9.484388135,-74.66521178
"683",4,47,"MAGDALENA",47745,"SITIONUEVO","Municipio",10.89027616,-74.62966038
"684",59,47,"MAGDALENA",47798,"TENERIFE","Municipio",9.924701267,-74.73263001
"685",30,47,"MAGDALENA",47960,"ZAPAYAN","Municipio",10.11779893,-74.69115456
"686",12,47,"MAGDALENA",47980,"ZONA BANANERA","Municipio",10.79634658,-74.17798317
"687",323,50,"META",50001,"VILLAVICENCIO","Municipio",4.09166877,-73.49291595
"688",357,50,"META",50006,"ACACIAS","Municipio",3.943383008,-73.57135162
"689",216,50,"META",50110,"BARRANCA DE UPIA","Municipio",4.519076127,-72.99548981
"690",182,50,"META",50124,"CABUYARO","Municipio",4.315244759,-72.95268896
"691",307,50,"META",50150,"CASTILLA LA NUEVA","Municipio",3.805154089,-73.53886668
"692",2265,50,"META",50223,"CUBARRAL","Municipio",3.834631516,-74.06232494
"693",278,50,"META",50226,"CUMARAL","Municipio",4.232526389,-73.31477539
"694",1917,50,"META",50245,"EL CALVARIO","Municipio",4.353769888,-73.71441684
"695",571,50,"META",50251,"EL CASTILLO","Municipio",3.60282633,-73.89445238
"696",499,50,"META",50270,"EL DORADO","Municipio",3.706969785,-73.83161892
"697",262,50,"META",50287,"FUENTE DE ORO","Municipio",3.382370124,-73.59625429
"698",336,50,"META",50313,"GRANADA","Municipio",3.441051399,-73.7611547
"699",2209,50,"META",50318,"GUAMAL","Municipio",3.947775585,-73.95983864
"700",201,50,"META",50325,"MAPIRIPAN","Municipio",3.117523361,-71.93805692
"701",1086,50,"META",50330,"MESETAS","Municipio",3.154771201,-74.12454824
"702",286,50,"META",50350,"LA MACARENA","Municipio",2.161863917,-74.09488076
"703",528,50,"META",50370,"URIBE","Municipio",3.047726858,-74.43066134
"704",1432,50,"META",50400,"LEJANIAS","Municipio",3.614714873,-74.09628467
"705",217,50,"META",50450,"PUERTO CONCORDIA","Municipio",2.752260112,-72.7210941
"706",178,50,"META",50568,"PUERTO GAITAN","Municipio",4.005034467,-71.63157429
"707",211,50,"META",50573,"PUERTO LOPEZ","Municipio",4.014298921,-72.64570499
"708",249,50,"META",50577,"PUERTO LLERAS","Municipio",3.193092925,-73.23671436
"709",226,50,"META",50590,"PUERTO RICO","Municipio",2.758083657,-73.13780171
"710",357,50,"META",50606,"RESTREPO","Municipio",4.204310977,-73.50226037
"711",240,50,"META",50680,"SAN CARLOS DE GUAROA","Municipio",3.84761678,-73.27583401
"712",349,50,"META",50683,"SAN JUAN DE ARAMA","Municipio",3.289851171,-73.81635243
"713",2244,50,"META",50686,"SAN JUANITO","Municipio",4.471346322,-73.66041355
"714",221,50,"META",50689,"SAN MARTIN","Municipio",3.515860962,-72.65672742
"715",279,50,"META",50711,"VISTAHERMOSA","Municipio",2.811616698,-73.66652234
"716",3112,52,"NARINO",52001,"PASTO","Municipio",1.083605497,-77.20610074
"717",2042,52,"NARINO",52019,"ALBAN","Municipio",1.469854084,-77.06880947
"718",3123,52,"NARINO",52022,"ALDANA","Municipio",0.913431916,-77.69538731
"719",1641,52,"NARINO",52036,"ANCUYA","Municipio",1.245254077,-77.53115777
"720",1834,52,"NARINO",52051,"ARBOLEDA","Municipio",1.480051172,-77.12985001
"721",652,52,"NARINO",52079,"BARBACOAS","Municipio",1.44563774,-78.15621072
"722",2532,52,"NARINO",52083,"BELEN","Municipio",1.593645287,-77.01999366
"723",2846,52,"NARINO",52110,"BUESACO","Municipio",1.315215636,-77.1163664
"724",1826,52,"NARINO",52203,"COLON","Municipio",1.636334379,-77.0473156
"725",2396,52,"NARINO",52207,"CONSACA","Municipio",1.209066732,-77.44063921
"726",2912,52,"NARINO",52210,"CONTADERO","Municipio",0.932667458,-77.52808731
"727",2277,52,"NARINO",52215,"CORDOBA","Municipio",0.78274688,-77.36805903
"728",3172,52,"NARINO",52224,"CUASPUD CARLOSAMA","Municipio",0.875426999,-77.73591601
"729",3140,52,"NARINO",52227,"CUMBAL","Municipio",0.944223274,-77.95958446
"730",1087,52,"NARINO",52233,"CUMBITARA","Municipio",1.72559011,-77.59281637
"731",1805,52,"NARINO",52240,"CHACHAGI","Municipio",1.386497844,-77.26969022
"732",68,52,"NARINO",52250,"EL CHARCO","Municipio",2.216382295,-77.99533234
"733",1023,52,"NARINO",52254,"EL PENOL","Municipio",1.512283967,-77.43050934
"734",738,52,"NARINO",52256,"EL ROSARIO","Municipio",1.887689437,-77.48319589
"735",2984,52,"NARINO",52258,"EL TABLON DE GOMEZ","Municipio",1.409430207,-76.98526959
"736",2277,52,"NARINO",52260,"EL TAMBO","Municipio",1.43026376,-77.38311597
"737",3422,52,"NARINO",52287,"FUNES","Municipio",0.957786429,-77.39532781
"738",3049,52,"NARINO",52317,"GUACHUCAL","Municipio",0.975037904,-77.73758941
"739",2496,52,"NARINO",52320,"GUAITARILLA","Municipio",1.151366658,-77.53011336
"740",3069,52,"NARINO",52323,"GUALMATAN","Municipio",0.928642623,-77.58261883
"741",2897,52,"NARINO",52352,"ILES","Municipio",0.980534037,-77.5186573
"742",2570,52,"NARINO",52354,"IMUES","Municipio",1.07287697,-77.50150864
"743",597,52,"NARINO",52356,"IPIALES","Municipio",0.497708465,-77.24047625
"744",2483,52,"NARINO",52378,"LA CRUZ","Municipio",1.584175998,-76.92335262
"745",1868,52,"NARINO",52381,"LA FLORIDA","Municipio",1.338034371,-77.42293041
"746",2744,52,"NARINO",52385,"LA LLANADA","Municipio",1.541847847,-77.61781608
"747",4,52,"NARINO",52390,"LA TOLA","Municipio",2.56027333,-78.23506694
"748",1691,52,"NARINO",52399,"LA UNION","Municipio",1.619697376,-77.14284622
"749",1249,52,"NARINO",52405,"LEIVA","Municipio",1.900862361,-77.31220073
"750",1699,52,"NARINO",52411,"LINARES","Municipio",1.395173084,-77.52093774
"751",787,52,"NARINO",52418,"LOS ANDES","Municipio",1.672601269,-77.71054449
"752",79,52,"NARINO",52427,"MAGI","Municipio",1.906858429,-78.04473644
"753",2209,52,"NARINO",52435,"MALLAMA","Municipio",1.155947016,-77.84664646
"754",8,52,"NARINO",52473,"MOSQUERA","Municipio",2.442493698,-78.438827
"755",2639,52,"NARINO",52480,"NARINO","Municipio",1.286775273,-77.35220367
"756",19,52,"NARINO",52490,"OLAYA HERRERA","Municipio",2.287856547,-78.31219024
"757",3031,52,"NARINO",52506,"OSPINA","Municipio",1.029815854,-77.55234944
"758",16,52,"NARINO",52520,"FRANCISCO PIZARRO","Municipio",2.088531925,-78.59193099
"759",1096,52,"NARINO",52540,"POLICARPA","Municipio",1.735354202,-77.48134359
"760",3156,52,"NARINO",52560,"POTOSI","Municipio",0.785841088,-77.52870407
"761",2496,52,"NARINO",52565,"PROVIDENCIA","Municipio",1.232864821,-77.59844212
"762",3030,52,"NARINO",52573,"PUERRES","Municipio",0.854351651,-77.35032523
"763",3129,52,"NARINO",52585,"PUPIALES","Municipio",0.916769831,-77.63336954
"764",1335,52,"NARINO",52612,"RICAURTE","Municipio",1.147671848,-78.05811118
"765",27,52,"NARINO",52621,"ROBERTO PAYAN","Municipio",1.897581156,-78.3811163
"766",1785,52,"NARINO",52678,"SAMANIEGO","Municipio",1.430555262,-77.69179559
"767",2323,52,"NARINO",52683,"SANDONA","Municipio",1.288105409,-77.45670068
"768",2439,52,"NARINO",52685,"SAN BERNARDO","Municipio",1.529782485,-77.02070663
"769",1947,52,"NARINO",52687,"SAN LORENZO","Municipio",1.542139582,-77.21872693
"770",2177,52,"NARINO",52693,"SAN PABLO","Municipio",1.681576627,-76.97527979
"771",2396,52,"NARINO",52694,"SAN PEDRO DE CARTAGO","Municipio",1.536823494,-77.10140325
"772",13,52,"NARINO",52696,"SANTA BARBARA","Municipio",2.494420411,-77.98256461
"773",2199,52,"NARINO",52699,"SANTACRUZ","Municipio",1.285179376,-77.7445744
"774",3369,52,"NARINO",52720,"SAPUYES","Municipio",1.045287475,-77.71810954
"775",1091,52,"NARINO",52786,"TAMINANGO","Municipio",1.591661392,-77.32525316
"776",3115,52,"NARINO",52788,"TANGUA","Municipio",1.064078111,-77.35063491
"777",52,52,"NARINO",52835,"SAN ANDRES DE TUMACO","Municipio",1.574550638,-78.61540963
"778",2971,52,"NARINO",52838,"TUQUERRES","Municipio",1.134440523,-77.63073238
"779",2338,52,"NARINO",52885,"YACUANQUER","Municipio",1.125547916,-77.42467569
"780",172,54,"NORTE DE SANTANDER",54001,"SAN JOSE DE CUCUTA","Municipio",8.112041811,-72.48862641
"781",1737,54,"NORTE DE SANTANDER",54003,"ABREGO","Municipio",8.019834481,-73.15850485
"782",2613,54,"NORTE DE SANTANDER",54051,"ARBOLEDAS","Municipio",7.586048164,-72.91705315
"783",1205,54,"NORTE DE SANTANDER",54099,"BOCHALEMA","Municipio",7.608509339,-72.65951909
"784",1886,54,"NORTE DE SANTANDER",54109,"BUCARASICA","Municipio",8.079802239,-72.92919926
"785",2651,54,"NORTE DE SANTANDER",54125,"CACOTA","Municipio",7.270560088,-72.65212153
"786",1395,54,"NORTE DE SANTANDER",54128,"CACHIRA","Municipio",7.684188896,-73.12939481
"787",1326,54,"NORTE DE SANTANDER",54172,"CHINACOTA","Municipio",7.583353136,-72.58390978
"788",2156,54,"NORTE DE SANTANDER",54174,"CHITAGA","Municipio",7.05161677,-72.52544746
"789",1219,54,"NORTE DE SANTANDER",54206,"CONVENCION","Municipio",8.873159895,-73.20007769
"790",2035,54,"NORTE DE SANTANDER",54223,"CUCUTILLA","Municipio",7.502182366,-72.79703447
"791",1107,54,"NORTE DE SANTANDER",54239,"DURANIA","Municipio",7.746993206,-72.67208072
"792",779,54,"NORTE DE SANTANDER",54245,"EL CARMEN","Municipio",8.867990035,-73.34585922
"793",410,54,"NORTE DE SANTANDER",54250,"EL TARRA","Municipio",8.678263671,-73.0317597
"794",539,54,"NORTE DE SANTANDER",54261,"EL ZULIA","Municipio",8.081200092,-72.63152118
"795",1443,54,"NORTE DE SANTANDER",54313,"GRAMALOTE","Municipio",7.906522991,-72.80705582
"796",762,54,"NORTE DE SANTANDER",54344,"HACARI","Municipio",8.361831987,-73.0782633
"797",2264,54,"NORTE DE SANTANDER",54347,"HERRAN","Municipio",7.493955781,-72.49269998
"798",1708,54,"NORTE DE SANTANDER",54377,"LABATECA","Municipio",7.218372474,-72.48281514
"799",194,54,"NORTE DE SANTANDER",54385,"LA ESPERANZA","Municipio",7.695233593,-73.36139672
"800",1389,54,"NORTE DE SANTANDER",54398,"LA PLAYA","Municipio",8.256757875,-73.18789327
"801",872,54,"NORTE DE SANTANDER",54405,"LOS PATIOS","Municipio",7.742291094,-72.52680784
"802",1405,54,"NORTE DE SANTANDER",54418,"LOURDES","Municipio",7.963712759,-72.8467029
"803",3188,54,"NORTE DE SANTANDER",54480,"MUTISCUA","Municipio",7.31694997,-72.76834584
"804",1523,54,"NORTE DE SANTANDER",54498,"OCANA","Municipio",8.206637527,-73.33765033
"805",2649,54,"NORTE DE SANTANDER",54518,"PAMPLONA","Municipio",7.379057623,-72.67590348
"806",1724,54,"NORTE DE SANTANDER",54520,"PAMPLONITA","Municipio",7.48287886,-72.63515401
"807",57,54,"NORTE DE SANTANDER",54553,"PUERTO SANTANDER","Municipio",8.329138642,-72.41119066
"808",1961,54,"NORTE DE SANTANDER",54599,"RAGONVALIA","Municipio",7.595355974,-72.50756622
"809",1562,54,"NORTE DE SANTANDER",54660,"SALAZAR","Municipio",7.772747824,-72.86769959
"810",1673,54,"NORTE DE SANTANDER",54670,"SAN CALIXTO","Municipio",8.414441404,-73.2176038
"811",298,54,"NORTE DE SANTANDER",54673,"SAN CAYETANO","Municipio",7.847872195,-72.60971203
"812",752,54,"NORTE DE SANTANDER",54680,"SANTIAGO","Municipio",7.889234454,-72.7182541
"813",624,54,"NORTE DE SANTANDER",54720,"SARDINATA","Municipio",8.215080767,-72.79580961
"814",2825,54,"NORTE DE SANTANDER",54743,"SILOS","Municipio",7.180991879,-72.78617884
"815",844,54,"NORTE DE SANTANDER",54800,"TEORAMA","Municipio",8.760013794,-73.15714097
"816",66,54,"NORTE DE SANTANDER",54810,"TIBU","Municipio",8.713507237,-72.79925855
"817",1771,54,"NORTE DE SANTANDER",54820,"TOLEDO","Municipio",7.225864961,-72.30593418
"818",1991,54,"NORTE DE SANTANDER",54871,"VILLA CARO","Municipio",7.936293173,-72.98759418
"819",851,54,"NORTE DE SANTANDER",54874,"VILLA DEL ROSARIO","Municipio",7.718635863,-72.48361176
"820",1257,63,"QUINDIO",63001,"ARMENIA","Municipio",4.499501128,-75.72489985
"821",1630,63,"QUINDIO",63111,"BUENAVISTA","Municipio",4.366632382,-75.74403734
"822",1699,63,"QUINDIO",63130,"CALARCA","Municipio",4.467879428,-75.65674719
"823",1558,63,"QUINDIO",63190,"CIRCASIA","Municipio",4.604845344,-75.66688449
"824",2492,63,"QUINDIO",63212,"CORDOBA","Municipio",4.395975176,-75.65132308
"825",1657,63,"QUINDIO",63272,"FILANDIA","Municipio",4.669325347,-75.67146941
"826",1941,63,"QUINDIO",63302,"GENOVA","Municipio",4.180107773,-75.76056695
"827",1148,63,"QUINDIO",63401,"LA TEBAIDA","Municipio",4.426884849,-75.81927335
"828",1220,63,"QUINDIO",63470,"MONTENEGRO","Municipio",4.521890945,-75.81806594
"829",2272,63,"QUINDIO",63548,"PIJAO","Municipio",4.30397934,-75.68330417
"830",1193,63,"QUINDIO",63594,"QUIMBAYA","Municipio",4.610273497,-75.79205087
"831",2635,63,"QUINDIO",63690,"SALENTO","Municipio",4.611314654,-75.53092112
"832",1174,66,"RISARALDA",66001,"PEREIRA","Municipio",4.803662773,-75.79579093
"833",1944,66,"RISARALDA",66045,"APIA","Municipio",5.139635357,-75.95353871
"834",1237,66,"RISARALDA",66075,"BALBOA","Municipio",4.918349676,-75.94275386
"835",1560,66,"RISARALDA",66088,"BELEN DE UMBRIA","Municipio",5.200398696,-75.86793893
"836",1638,66,"RISARALDA",66170,"DOSQUEBRADAS","Municipio",4.842021144,-75.66993655
"837",1768,66,"RISARALDA",66318,"GUATICA","Municipio",5.320295966,-75.80436659
"838",1557,66,"RISARALDA",66383,"LA CELIA","Municipio",4.988127679,-76.00822678
"839",981,66,"RISARALDA",66400,"LA VIRGINIA","Municipio",4.904704187,-75.85208162
"840",1130,66,"RISARALDA",66440,"MARSELLA","Municipio",4.942936185,-75.7532139
"841",1232,66,"RISARALDA",66456,"MISTRATO","Municipio",5.414078141,-75.96135387
"842",1213,66,"RISARALDA",66572,"PUEBLO RICO","Municipio",5.286295408,-76.07359421
"843",1720,66,"RISARALDA",66594,"QUINCHIA","Municipio",5.323906864,-75.71339683
"844",2159,66,"RISARALDA",66682,"SANTA ROSA DE CABAL","Municipio",4.833789828,-75.54950174
"845",1884,66,"RISARALDA",66687,"SANTUARIO","Municipio",5.076100313,-76.02286946
"846",1034,68,"SANTANDER",68001,"BUCARAMANGA","Municipio",7.155833544,-73.11156997
"847",1786,68,"SANTANDER",68013,"AGUADA","Municipio",6.182208476,-73.53038541
"848",2512,68,"SANTANDER",68020,"ALBANIA","Municipio",5.788190519,-73.79236929
"849",1515,68,"SANTANDER",68051,"ARATOCA","Municipio",6.716766585,-73.01162697
"850",1608,68,"SANTANDER",68077,"BARBOSA","Municipio",5.955617327,-73.62345229
"851",1127,68,"SANTANDER",68079,"BARICHARA","Municipio",6.647062543,-73.21518466
"852",74,68,"SANTANDER",68081,"BARRANCABERMEJA","Municipio",7.054074558,-73.78211646
"853",486,68,"SANTANDER",68092,"BETULIA","Municipio",7.033255886,-73.37872388
"854",628,68,"SANTANDER",68101,"BOLIVAR","Municipio",6.181715586,-73.92065703
"855",733,68,"SANTANDER",68121,"CABRERA","Municipio",6.562543673,-73.25034892
"856",2853,68,"SANTANDER",68132,"CALIFORNIA","Municipio",7.331565443,-72.95131825
"857",1298,68,"SANTANDER",68147,"CAPITANEJO","Municipio",6.520200095,-72.67435203
"858",2862,68,"SANTANDER",68152,"CARCASI","Municipio",6.659675274,-72.56968434
"859",1619,68,"SANTANDER",68160,"CEPITA","Municipio",6.752465533,-72.92924629
"860",3464,68,"SANTANDER",68162,"CERRITO","Municipio",6.903923173,-72.64536324
"861",1828,68,"SANTANDER",68167,"CHARALA","Municipio",6.35099819,-73.06101382
"862",2117,68,"SANTANDER",68169,"CHARTA","Municipio",7.282973001,-72.97829057
"863",1367,68,"SANTANDER",68176,"CHIMA","Municipio",6.361627641,-73.40172144
"864",1913,68,"SANTANDER",68179,"CHIPATA","Municipio",6.067944658,-73.63239132
"865",154,68,"SANTANDER",68190,"CIMITARRA","Municipio",6.40972961,-74.17030427
"866",3440,68,"SANTANDER",68207,"CONCEPCION","Municipio",6.76062337,-72.61815735
"867",1526,68,"SANTANDER",68209,"CONFINES","Municipio",6.342314443,-73.25014013
"868",1835,68,"SANTANDER",68211,"CONTRATACION","Municipio",6.303116611,-73.50211527
"869",2654,68,"SANTANDER",68217,"COROMORO","Municipio",6.234735779,-72.98176803
"870",1580,68,"SANTANDER",68229,"CURITI","Municipio",6.608966483,-73.05897888
"871",677,68,"SANTANDER",68235,"EL CARMEN DE CHUCURI","Municipio",6.664260002,-73.56475288
"872",1684,68,"SANTANDER",68245,"EL GUACAMAYO","Municipio",6.236115743,-73.4977605
"873",756,68,"SANTANDER",68250,"EL PENON","Municipio",6.123389691,-74.00040397
"874",970,68,"SANTANDER",68255,"EL PLAYON","Municipio",7.524284721,-73.18158192
"875",2729,68,"SANTANDER",68264,"ENCINO","Municipio",6.079061224,-73.06206665
"876",1869,68,"SANTANDER",68266,"ENCISO","Municipio",6.65824115,-72.68027939
"877",2043,68,"SANTANDER",68271,"FLORIAN","Municipio",5.801106291,-73.95524931
"878",1302,68,"SANTANDER",68276,"FLORIDABLANCA","Municipio",7.079704598,-73.0679925
"879",1289,68,"SANTANDER",68296,"GALAN","Municipio",6.671810994,-73.32467124
"880",2148,68,"SANTANDER",68298,"GAMBITA","Municipio",5.924383558,-73.31939934
"881",1087,68,"SANTANDER",68307,"GIRON","Municipio",6.976734127,-73.205267
"882",2938,68,"SANTANDER",68318,"GUACA","Municipio",6.9434341,-72.82369873
"883",1497,68,"SANTANDER",68320,"GUADALUPE","Municipio",6.233278248,-73.40977445
"884",1492,68,"SANTANDER",68322,"GUAPOTA","Municipio",6.319299865,-73.33115275
"885",1862,68,"SANTANDER",68324,"GUAVATA","Municipio",5.944894844,-73.72173671
"886",1435,68,"SANTANDER",68327,"GEPSA","Municipio",6.04656148,-73.57847854
"887",1748,68,"SANTANDER",68344,"HATO","Municipio",6.559878299,-73.36178841
"888",1820,68,"SANTANDER",68368,"JESUS MARIA","Municipio",5.872705896,-73.78997419
"889",780,68,"SANTANDER",68370,"JORDAN","Municipio",6.710814846,-73.1211236
"890",831,68,"SANTANDER",68377,"LA BELLEZA","Municipio",5.895724341,-74.04676575
"891",973,68,"SANTANDER",68385,"LANDAZURI","Municipio",6.385234814,-73.78760899
"892",1002,68,"SANTANDER",68397,"LA PAZ","Municipio",6.21737437,-73.62977195
"893",977,68,"SANTANDER",68406,"LEBRIJA","Municipio",7.204060063,-73.29138097
"894",1566,68,"SANTANDER",68418,"LOS SANTOS","Municipio",6.812162934,-73.10785086
"895",2771,68,"SANTANDER",68425,"MACARAVITA","Municipio",6.513745303,-72.58536492
"896",2331,68,"SANTANDER",68432,"MALAGA","Municipio",6.720222349,-72.73841091
"897",2056,68,"SANTANDER",68444,"MATANZA","Municipio",7.348778319,-73.05438997
"898",1715,68,"SANTANDER",68464,"MOGOTES","Municipio",6.492532315,-72.95834772
"899",2025,68,"SANTANDER",68468,"MOLAGAVITA","Municipio",6.643290559,-72.81916274
"900",1704,68,"SANTANDER",68498,"OCAMONTE","Municipio",6.355368858,-73.12211833
"901",1760,68,"SANTANDER",68500,"OIBA","Municipio",6.225596216,-73.27961515
"902",2114,68,"SANTANDER",68502,"ONZAGA","Municipio",6.335194548,-72.81205838
"903",816,68,"SANTANDER",68522,"PALMAR","Municipio",6.525876964,-73.28247337
"904",1407,68,"SANTANDER",68524,"PALMAS DEL SOCORRO","Municipio",6.391750107,-73.28273174
"905",1669,68,"SANTANDER",68533,"PARAMO","Municipio",6.416631131,-73.17148232
"906",1491,68,"SANTANDER",68547,"PIEDECUESTA","Municipio",6.97082104,-73.01481196
"907",1298,68,"SANTANDER",68549,"PINCHOTE","Municipio",6.513892626,-73.17570986
"908",2133,68,"SANTANDER",68572,"PUENTE NACIONAL","Municipio",5.831129906,-73.67841815
"909",111,68,"SANTANDER",68573,"PUERTO PARRA","Municipio",6.685278856,-73.95761256
"910",63,68,"SANTANDER",68575,"PUERTO WILCHES","Municipio",7.398198257,-73.8354696
"911",187,68,"SANTANDER",68615,"RIONEGRO","Municipio",7.474226085,-73.37246417
"912",107,68,"SANTANDER",68655,"SABANA DE TORRES","Municipio",7.4065422,-73.57131807
"913",2346,68,"SANTANDER",68669,"SAN ANDRES","Municipio",6.796483063,-72.81613202
"914",1435,68,"SANTANDER",68673,"SAN BENITO","Municipio",6.076525355,-73.55295302
"915",1471,68,"SANTANDER",68679,"SAN GIL","Municipio",6.550778765,-73.11887911
"916",2108,68,"SANTANDER",68682,"SAN JOAQUIN","Municipio",6.459879823,-72.85471883
"917",1825,68,"SANTANDER",68684,"SAN JOSE DE MIRANDA","Municipio",6.629400185,-72.73976423
"918",2219,68,"SANTANDER",68686,"SAN MIGUEL","Municipio",6.568121541,-72.64322497
"919",364,68,"SANTANDER",68689,"SAN VICENTE DE CHUCURI","Municipio",6.894292346,-73.53900334
"920",2368,68,"SANTANDER",68705,"SANTA BARBARA","Municipio",6.988084711,-72.89608933
"921",1154,68,"SANTANDER",68720,"SANTA HELENA DEL OPON","Municipio",6.40890734,-73.58206609
"922",2018,68,"SANTANDER",68745,"SIMACOTA","Municipio",6.494231551,-73.45910992
"923",1541,68,"SANTANDER",68755,"SOCORRO","Municipio",6.462088241,-73.24436001
"924",1625,68,"SANTANDER",68770,"SUAITA","Municipio",6.101499739,-73.36225795
"925",896,68,"SANTANDER",68773,"SUCRE","Municipio",5.983203734,-73.95936235
"926",2275,68,"SANTANDER",68780,"SURATA","Municipio",7.475402063,-72.98779966
"927",3023,68,"SANTANDER",68820,"TONA","Municipio",7.170891099,-72.93970443
"928",1650,68,"SANTANDER",68855,"VALLE DE SAN JOSE","Municipio",6.434578919,-73.10997171
"929",2438,68,"SANTANDER",68861,"VELEZ","Municipio",6.00741043,-73.69057256
"930",3208,68,"SANTANDER",68867,"VETAS","Municipio",7.322219563,-72.88156901
"931",1500,68,"SANTANDER",68872,"VILLANUEVA","Municipio",6.685867326,-73.16396916
"932",2258,68,"SANTANDER",68895,"ZAPATOCA","Municipio",6.813725566,-73.30975044
"933",140,70,"SUCRE",70001,"SINCELEJO","Municipio",9.316673928,-75.43174967
"934",93,70,"SUCRE",70110,"BUENAVISTA","Municipio",9.314972282,-74.98014057
"935",24,70,"SUCRE",70124,"CAIMITO","Municipio",8.792311599,-75.13191063
"936",124,70,"SUCRE",70204,"COLOSO","Municipio",9.494043427,-75.34528693
"937",96,70,"SUCRE",70215,"COROZAL","Municipio",9.160624283,-75.23858178
"938",8,70,"SUCRE",70221,"COVENAS","Municipio",9.394449802,-75.6574915
"939",397,70,"SUCRE",70230,"CHALAN","Municipio",9.569584598,-75.32420908
"940",50,70,"SUCRE",70233,"EL ROBLE","Municipio",9.036231591,-75.14575038
"941",59,70,"SUCRE",70235,"GALERAS","Municipio",9.135169096,-74.98134706
"942",22,70,"SUCRE",70265,"GUARANDA","Municipio",8.337828523,-74.68734926
"943",50,70,"SUCRE",70400,"LA UNION","Municipio",8.811997799,-75.28322212
"944",223,70,"SUCRE",70418,"LOS PALMITOS","Municipio",9.422380117,-75.21302191
"945",20,70,"SUCRE",70429,"MAJAGUAL","Municipio",8.546148134,-74.71037883
"946",148,70,"SUCRE",70473,"MORROA","Municipio",9.392496685,-75.32718744
"947",244,70,"SUCRE",70508,"OVEJAS","Municipio",9.549655271,-75.18855916
"948",26,70,"SUCRE",70523,"PALMITO","Municipio",9.334940293,-75.56199027
"949",128,70,"SUCRE",70670,"SAMPUES","Municipio",9.165188649,-75.36027422
"950",15,70,"SUCRE",70678,"SAN BENITO ABAD","Municipio",8.835634919,-74.96469398
"951",140,70,"SUCRE",70702,"SAN JUAN DE BETULIA","Municipio",9.292019071,-75.21363579
"952",26,70,"SUCRE",70708,"SAN MARCOS","Municipio",8.589220102,-75.17249955
"953",65,70,"SUCRE",70713,"SAN ONOFRE","Municipio",9.814599536,-75.50522919
"954",126,70,"SUCRE",70717,"SAN PEDRO","Municipio",9.396835638,-75.03741815
"955",121,70,"SUCRE",70742,"SAN LUIS DE SINCE","Municipio",9.256299047,-75.09397089
"956",14,70,"SUCRE",70771,"SUCRE","Municipio",8.814333477,-74.74753131
"957",15,70,"SUCRE",70820,"SANTIAGO DE TOLU","Municipio",9.533810567,-75.53543469
"958",86,70,"SUCRE",70823,"SAN JOSE DE TOLUVIEJO","Municipio",9.490297716,-75.44451115
"959",1546,73,"TOLIMA",73001,"IBAGUE","Municipio",4.451921427,-75.252591
"960",1318,73,"TOLIMA",73024,"ALPUJARRA","Municipio",3.390015064,-74.94078233
"961",466,73,"TOLIMA",73026,"ALVARADO","Municipio",4.582625784,-74.98630686
"962",260,73,"TOLIMA",73030,"AMBALEMA","Municipio",4.803365246,-74.80998676
"963",3032,73,"TOLIMA",73043,"ANZOATEGUI","Municipio",4.623390454,-75.20165423
"964",303,73,"TOLIMA",73055,"ARMERO","Municipio",5.006758956,-74.84750095
"965",901,73,"TOLIMA",73067,"ATACO","Municipio",3.37749064,-75.61373257
"966",2387,73,"TOLIMA",73124,"CAJAMARCA","Municipio",4.406971283,-75.49745918
"967",409,73,"TOLIMA",73148,"CARMEN DE APICALA","Municipio",4.123416795,-74.74700246
"968",2205,73,"TOLIMA",73152,"CASABIANCA","Municipio",5.007003948,-75.19457703
"969",1384,73,"TOLIMA",73168,"CHAPARRAL","Municipio",3.743693084,-75.58986634
"970",368,73,"TOLIMA",73200,"COELLO","Municipio",4.315603867,-74.91470256
"971",344,73,"TOLIMA",73217,"COYAIMA","Municipio",3.775490271,-75.14720213
"972",722,73,"TOLIMA",73226,"CUNDAY","Municipio",3.98252395,-74.68936908
"973",1474,73,"TOLIMA",73236,"DOLORES","Municipio",3.597863274,-74.80256674
"974",323,73,"TOLIMA",73268,"ESPINAL","Municipio",4.166476969,-74.89352941
"975",720,73,"TOLIMA",73270,"FALAN","Municipio",5.079256598,-74.95703372
"976",302,73,"TOLIMA",73275,"FLANDES","Municipio",4.242813257,-74.83708638
"977",1629,73,"TOLIMA",73283,"FRESNO","Municipio",5.186694812,-75.05228995
"978",328,73,"TOLIMA",73319,"GUAMO","Municipio",4.076501341,-74.97657287
"979",2412,73,"TOLIMA",73347,"HERVEO","Municipio",5.068553783,-75.24322959
"980",287,73,"TOLIMA",73349,"HONDA","Municipio",5.179416561,-74.78303094
"981",1544,73,"TOLIMA",73352,"ICONONZO","Municipio",4.133276369,-74.53964257
"982",473,73,"TOLIMA",73408,"LERIDA","Municipio",4.866034592,-74.92337178
"983",1510,73,"TOLIMA",73411,"LIBANO","Municipio",4.877936755,-75.04763076
"984",536,73,"TOLIMA",73443,"SAN SEBASTIAN DE MARIQUITA","Municipio",5.235322593,-74.90668089
"985",670,73,"TOLIMA",73449,"MELGAR","Municipio",4.193215498,-74.60517497
"986",3214,73,"TOLIMA",73461,"MURILLO","Municipio",4.826734468,-75.21993987
"987",344,73,"TOLIMA",73483,"NATAGAIMA","Municipio",3.540518203,-75.12200999
"988",452,73,"TOLIMA",73504,"ORTEGA","Municipio",3.937793962,-75.27824314
"989",1401,73,"TOLIMA",73520,"PALOCABILDO","Municipio",5.094035737,-75.0184505
"990",594,73,"TOLIMA",73547,"PIEDRAS","Municipio",4.433764446,-74.99879938
"991",2904,73,"TOLIMA",73555,"PLANADAS","Municipio",3.09897343,-75.81684413
"992",514,73,"TOLIMA",73563,"PRADO","Municipio",3.729166649,-74.87247706
"993",631,73,"TOLIMA",73585,"PURIFICACION","Municipio",3.854281614,-74.87451155
"994",2672,73,"TOLIMA",73616,"RIOBLANCO","Municipio",3.468077548,-75.85481103
"995",3015,73,"TOLIMA",73622,"RONCESVALLES","Municipio",4.097861181,-75.59428027
"996",1943,73,"TOLIMA",73624,"ROVIRA","Municipio",4.216730954,-75.34758364
"997",312,73,"TOLIMA",73671,"SALDANA","Municipio",3.912542787,-75.01859762
"998",2066,73,"TOLIMA",73675,"SAN ANTONIO","Municipio",3.926088268,-75.50991004
"999",428,73,"TOLIMA",73678,"SAN LUIS","Municipio",4.057271684,-75.16320806
"1000",2985,73,"TOLIMA",73686,"SANTA ISABEL","Municipio",4.740827622,-75.20069946
"1001",304,73,"TOLIMA",73770,"SUAREZ","Municipio",3.969210629,-74.84448738
"1002",791,73,"TOLIMA",73854,"VALLE DE SAN JUAN","Municipio",4.182125647,-75.17148237
"1003",415,73,"TOLIMA",73861,"VENADILLO","Municipio",4.70988172,-74.92089886
"1004",2340,73,"TOLIMA",73870,"VILLAHERMOSA","Municipio",4.965753461,-75.15592969
"1005",2098,73,"TOLIMA",73873,"VILLARRICA","Municipio",3.854384097,-74.61896623
"1006",1075,76,"VALLE DEL CAUCA",76001,"CALI","Municipio",3.399043723,-76.57649259
"1007",1246,76,"VALLE DEL CAUCA",76020,"ALCALA","Municipio",4.6788971,-75.78297932
"1008",1054,76,"VALLE DEL CAUCA",76036,"ANDALUCIA","Municipio",4.153314228,-76.16063341
"1009",1326,76,"VALLE DEL CAUCA",76041,"ANSERMANUEVO","Municipio",4.795927292,-76.02963049
"1010",1563,76,"VALLE DEL CAUCA",76054,"ARGELIA","Municipio",4.704287864,-76.14164999
"1011",1732,76,"VALLE DEL CAUCA",76100,"BOLIVAR","Municipio",4.393118861,-76.34982039
"1012",102,76,"VALLE DEL CAUCA",76109,"BUENAVENTURA","Municipio",3.493340766,-77.11872832
"1013",3055,76,"VALLE DEL CAUCA",76111,"GUADALAJARA DE BUGA","Municipio",3.819854318,-75.98312419
"1014",1091,76,"VALLE DEL CAUCA",76113,"BUGALAGRANDE","Municipio",4.196852991,-76.0896103
"1015",1385,76,"VALLE DEL CAUCA",76122,"CAICEDONIA","Municipio",4.308997973,-75.83672567
"1016",1294,76,"VALLE DEL CAUCA",76126,"CALIMA","Municipio",3.923271619,-76.64260484
"1017",964,76,"VALLE DEL CAUCA",76130,"CANDELARIA","Municipio",3.382091564,-76.38317663
"1018",916,76,"VALLE DEL CAUCA",76147,"CARTAGO","Municipio",4.70684716,-75.91790846
"1019",1620,76,"VALLE DEL CAUCA",76233,"DAGUA","Municipio",3.649822218,-76.72039347
"1020",1704,76,"VALLE DEL CAUCA",76243,"EL AGUILA","Municipio",4.917562873,-76.06601001
"1021",1950,76,"VALLE DEL CAUCA",76246,"EL CAIRO","Municipio",4.756063701,-76.21502826
"1022",1003,76,"VALLE DEL CAUCA",76248,"EL CERRITO","Municipio",3.656072873,-76.30841784
"1023",1575,76,"VALLE DEL CAUCA",76250,"EL DOVIO","Municipio",4.539979729,-76.28762701
"1024",2103,76,"VALLE DEL CAUCA",76275,"FLORIDA","Municipio",3.304104295,-76.16477307
"1025",1886,76,"VALLE DEL CAUCA",76306,"GINEBRA","Municipio",3.74410441,-76.19082004
"1026",955,76,"VALLE DEL CAUCA",76318,"GUACARI","Municipio",3.759414991,-76.34518277
"1027",1412,76,"VALLE DEL CAUCA",76364,"JAMUNDI","Municipio",3.213892389,-76.62760418
"1028",1395,76,"VALLE DEL CAUCA",76377,"LA CUMBRE","Municipio",3.694303106,-76.58989905
"1029",1029,76,"VALLE DEL CAUCA",76400,"LA UNION","Municipio",4.537937391,-76.10328983
"1030",986,76,"VALLE DEL CAUCA",76403,"LA VICTORIA","Municipio",4.483511142,-75.96677303
"1031",1030,76,"VALLE DEL CAUCA",76497,"OBANDO","Municipio",4.597588666,-75.9491997
"1032",1118,76,"VALLE DEL CAUCA",76520,"PALMIRA","Municipio",3.558392876,-76.22779972
"1033",1582,76,"VALLE DEL CAUCA",76563,"PRADERA","Municipio",3.42063665,-76.17841841
"1034",1460,76,"VALLE DEL CAUCA",76606,"RESTREPO","Municipio",3.806494973,-76.53489853
"1035",1319,76,"VALLE DEL CAUCA",76616,"RIOFRIO","Municipio",4.109500298,-76.37105443
"1036",1496,76,"VALLE DEL CAUCA",76622,"ROLDANILLO","Municipio",4.443571848,-76.16824249
"1037",1029,76,"VALLE DEL CAUCA",76670,"SAN PEDRO","Municipio",3.98143244,-76.20836168
"1038",2032,76,"VALLE DEL CAUCA",76736,"SEVILLA","Municipio",4.193411919,-75.88818163
"1039",990,76,"VALLE DEL CAUCA",76823,"TORO","Municipio",4.638421279,-76.08106176
"1040",1873,76,"VALLE DEL CAUCA",76828,"TRUJILLO","Municipio",4.233268116,-76.34292699
"1041",2467,76,"VALLE DEL CAUCA",76834,"TULUA","Municipio",4.02840797,-76.03250379
"1042",1246,76,"VALLE DEL CAUCA",76845,"ULLOA","Municipio",4.707718947,-75.77835903
"1043",1816,76,"VALLE DEL CAUCA",76863,"VERSALLES","Municipio",4.644242641,-76.25924483
"1044",1704,76,"VALLE DEL CAUCA",76869,"VIJES","Municipio",3.74365889,-76.47064718
"1045",1130,76,"VALLE DEL CAUCA",76890,"YOTOCO","Municipio",3.904130354,-76.39080435
"1046",1374,76,"VALLE DEL CAUCA",76892,"YUMBO","Municipio",3.595913669,-76.5109879
"1047",946,76,"VALLE DEL CAUCA",76895,"ZARZAL","Municipio",4.35359875,-76.05065336
"1048",117,81,"ARAUCA",81001,"ARAUCA","Municipio",6.796280825,-70.50921153
"1049",153,81,"ARAUCA",81065,"ARAUQUITA","Municipio",6.799338394,-71.29827429
"1050",99,81,"ARAUCA",81220,"CRAVO NORTE","Municipio",6.39654349,-70.07381197
"1051",253,81,"ARAUCA",81300,"FORTUL","Municipio",6.750907234,-71.79124241
"1052",130,81,"ARAUCA",81591,"PUERTO RONDON","Municipio",6.411761829,-70.96678964
"1053",216,81,"ARAUCA",81736,"SARAVENA","Municipio",6.906941714,-71.85070757
"1054",489,81,"ARAUCA",81794,"TAME","Municipio",6.390650479,-71.79178647
"1055",215,85,"CASANARE",85001,"YOPAL","Municipio",5.242744761,-72.25802857
"1056",294,85,"CASANARE",85010,"AGUAZUL","Municipio",5.126121886,-72.54821017
"1057",1255,85,"CASANARE",85015,"CHAMEZA","Municipio",5.228453404,-72.86496804
"1058",173,85,"CASANARE",85125,"HATO COROZAL","Municipio",6.03948032,-71.52445752
"1059",2752,85,"CASANARE",85136,"LA SALINA","Municipio",6.178282373,-72.34693377
"1060",167,85,"CASANARE",85139,"MANI","Municipio",4.675769488,-72.21280273
"1061",525,85,"CASANARE",85162,"MONTERREY","Municipio",4.841308642,-72.8473434
"1062",229,85,"CASANARE",85225,"NUNCHIA","Municipio",5.529181235,-72.09251937
"1063",146,85,"CASANARE",85230,"OROCUE","Municipio",4.915139133,-71.59873966
"1064",123,85,"CASANARE",85250,"PAZ DE ARIPORO","Municipio",5.779915281,-70.86947037
"1065",215,85,"CASANARE",85263,"PORE","Municipio",5.663194953,-71.92580806
"1066",1527,85,"CASANARE",85279,"RECETOR","Municipio",5.263068507,-72.77081831
"1067",464,85,"CASANARE",85300,"SABANALARGA","Municipio",4.81119011,-72.99580655
"1068",1656,85,"CASANARE",85315,"SACAMA","Municipio",6.049906435,-72.21076163
"1069",171,85,"CASANARE",85325,"SAN LUIS DE PALENQUE","Municipio",5.274955665,-71.81749276
"1070",1091,85,"CASANARE",85400,"TAMARA","Municipio",5.878927424,-72.20067822
"1071",194,85,"CASANARE",85410,"TAURAMENA","Municipio",4.697463691,-72.62922436
"1072",139,85,"CASANARE",85430,"TRINIDAD","Municipio",5.354527091,-71.25479519
"1073",189,85,"CASANARE",85440,"VILLANUEVA","Municipio",4.528307719,-72.82314281
"1074",1551,86,"PUTUMAYO",86001,"MOCOA","Municipio",1.26070915,-76.66584349
"1075",2196,86,"PUTUMAYO",86219,"COLON","Municipio",1.204815876,-76.97376805
"1076",454,86,"PUTUMAYO",86320,"ORITO","Municipio",0.673756323,-76.94313923
"1077",262,86,"PUTUMAYO",86568,"PUERTO ASIS","Municipio",0.433884539,-76.52158203
"1078",295,86,"PUTUMAYO",86569,"PUERTO CAICEDO","Municipio",0.70416861,-76.49864415
"1079",247,86,"PUTUMAYO",86571,"PUERTO GUZMAN","Municipio",0.746432215,-75.88022979
"1080",207,86,"PUTUMAYO",86573,"PUERTO LEGUIZAMO","Municipio",0.05947197,-75.06479327
"1081",2674,86,"PUTUMAYO",86749,"SIBUNDOY","Municipio",1.228746922,-76.91307585
"1082",2713,86,"PUTUMAYO",86755,"SAN FRANCISCO","Municipio",1.136071096,-76.84726661
"1083",285,86,"PUTUMAYO",86757,"SAN MIGUEL","Municipio",0.272449048,-76.84510459
"1084",2993,86,"PUTUMAYO",86760,"SANTIAGO","Municipio",1.036021482,-76.97751684
"1085",300,86,"PUTUMAYO",86865,"VALLE DEL GUAMUEZ","Municipio",0.42012589,-76.77067026
"1086",472,86,"PUTUMAYO",86885,"VILLAGARZON","Municipio",0.911149515,-76.74495447
"1087",30,88,"ARCHIPIELAGO DE SAN ANDRES, PROVIDENCIA Y SANTA CATALINA",88001,"SAN ANDRES","Isla",12.54311512,-81.71762382
"1088",108,88,"ARCHIPIELAGO DE SAN ANDRES, PROVIDENCIA Y SANTA CATALINA",88564,"PROVIDENCIA","Municipio",13.3511096,-81.37388549
"1089",142,91,"AMAZONAS",91001,"LETICIA","Municipio",-3.530058784,-70.04513691
"1090",149,91,"AMAZONAS",91263,"EL ENCANTO","rea no municipalizada",-1.997234795,-72.72361566
"1091",155,91,"AMAZONAS",91405,"LA CHORRERA","rea no municipalizada",-1.509799605,-72.44442966
"1092",105,91,"AMAZONAS",91407,"LA PEDRERA","rea no municipalizada",-1.550256503,-69.94602815
"1093",182,91,"AMAZONAS",91430,"LA VICTORIA","rea no municipalizada",-0.125016381,-71.10487805
"1094",168,91,"AMAZONAS",91460,"MIRITI - PARANA","rea no municipalizada",-0.687037553,-71.1855046
"1095",164,91,"AMAZONAS",91530,"PUERTO ALEGRIA","rea no municipalizada",-0.952145073,-73.75722748
"1096",140,91,"AMAZONAS",91536,"PUERTO ARICA","rea no municipalizada",-1.91085406,-71.1484049
"1097",123,91,"AMAZONAS",91540,"PUERTO NARINO","Municipio",-3.631323222,-70.47199039
"1098",166,91,"AMAZONAS",91669,"PUERTO SANTANDER","rea no municipalizada",-1.101032624,-71.93893358
"1099",117,91,"AMAZONAS",91798,"TARAPACA","rea no municipalizada",-2.451794264,-70.00651535
"1100",117,94,"GUAINIA",94001,"INIRIDA","Municipio",3.516363079,-68.00834728
"1101",186,94,"GUAINIA",94343,"BARRANCOMINAS","Municipio",3.140558454,-69.69713423
"1102",118,94,"GUAINIA",94883,"SAN FELIPE","rea no municipalizada",2.312179782,-67.52060569
"1103",138,94,"GUAINIA",94884,"PUERTO COLOMBIA","rea no municipalizada",2.582829542,-68.25799033
"1104",109,94,"GUAINIA",94885,"LA GUADALUPE","rea no municipalizada",1.404540273,-67.001518
"1105",105,94,"GUAINIA",94886,"CACAHUAL","rea no municipalizada",3.38616245,-67.58507998
"1106",177,94,"GUAINIA",94887,"PANA PANA","rea no municipalizada",1.981055294,-69.11440036
"1107",179,94,"GUAINIA",94888,"MORICHAL","rea no municipalizada",2.421444806,-69.84001585
"1108",205,95,"GUAVIARE",95001,"SAN JOSE DEL GUAVIARE","Municipio",2.484286091,-71.91916993
"1109",248,95,"GUAVIARE",95015,"CALAMAR","Municipio",1.613634284,-73.0342639
"1110",191,95,"GUAVIARE",95025,"EL RETORNO","Municipio",2.143447362,-72.24364869
"1111",208,95,"GUAVIARE",95200,"MIRAFLORES","Municipio",1.363974932,-72.01810951
"1112",201,97,"VAUPES",97001,"MITU","Municipio",1.06148231,-70.46688401
"1113",225,97,"VAUPES",97161,"CARURU","Municipio",1.052762314,-71.33093035
"1114",157,97,"VAUPES",97511,"PACOA","rea no municipalizada",-0.00834364,-70.5433061
"1115",124,97,"VAUPES",97666,"TARAIRA","Municipio",-0.719822209,-69.90776202
"1116",215,97,"VAUPES",97777,"PAPUNAHUA","rea no municipalizada",1.569312273,-70.91166315
"1117",163,97,"VAUPES",97889,"YAVARATE","rea no municipalizada",0.833312241,-69.61867754
"1118",66,99,"VICHADA",99001,"PUERTO CARRENO","Municipio",5.836529669,-68.14122234
"1119",98,99,"VICHADA",99524,"LA PRIMAVERA","Municipio",5.517593607,-69.62044054
"1120",142,99,"VICHADA",99624,"SANTA ROSALIA","Municipio",4.968581012,-70.65997097
"1121",159,99,"VICHADA",99773,"CUMARIBO","Municipio",4.262454746,-69.52140484
