,cases_medellin,DATA,YEAR,YearWeek,LastDayWeek,MONTH,temp_medellin,DATE_x,percip_medellin,DATE_y
0,1,"['2007', 'w01']",2007,200701,2007-01-06,1,21.0092830657959,"['TEMPERATURE', 'jan', '07']",65.41139984130861,"['PRECIPITATION', 'jan', '07']"
1,0,"['2007', 'w02']",2007,200702,2007-01-13,1,21.0092830657959,"['TEMPERATURE', 'jan', '07']",65.41139984130861,"['PRECIPITATION', 'jan', '07']"
2,0,"['2007', 'w03']",2007,200703,2007-01-20,1,21.0092830657959,"['TEMPERATURE', 'jan', '07']",65.41139984130861,"['PRECIPITATION', 'jan', '07']"
3,0,"['2007', 'w04']",2007,200704,2007-01-27,1,21.0092830657959,"['TEMPERATURE', 'jan', '07']",65.41139984130861,"['PRECIPITATION', 'jan', '07']"
4,0,"['2007', 'w05']",2007,200705,2007-02-03,2,20.9829254150391,"['TEMPERATURE', 'feb', '07']",49.307403564453104,"['PRECIPITATION', 'feb', '07']"
5,0,"['2007', 'w06']",2007,200706,2007-02-10,2,20.9829254150391,"['TEMPERATURE', 'feb', '07']",49.307403564453104,"['PRECIPITATION', 'feb', '07']"
6,0,"['2007', 'w07']",2007,200707,2007-02-17,2,20.9829254150391,"['TEMPERATURE', 'feb', '07']",49.307403564453104,"['PRECIPITATION', 'feb', '07']"
7,0,"['2007', 'w08']",2007,200708,2007-02-24,2,20.9829254150391,"['TEMPERATURE', 'feb', '07']",49.307403564453104,"['PRECIPITATION', 'feb', '07']"
8,0,"['2007', 'w09']",2007,200709,2007-03-03,3,21.425910949707,"['TEMPERATURE', 'mar', '07']",195.45246887207,"['PRECIPITATION', 'mar', '07']"
9,0,"['2007', 'w10']",2007,200710,2007-03-10,3,21.425910949707,"['TEMPERATURE', 'mar', '07']",195.45246887207,"['PRECIPITATION', 'mar', '07']"
10,0,"['2007', 'w11']",2007,200711,2007-03-17,3,21.425910949707,"['TEMPERATURE', 'mar', '07']",195.45246887207,"['PRECIPITATION', 'mar', '07']"
11,0,"['2007', 'w12']",2007,200712,2007-03-24,3,21.425910949707,"['TEMPERATURE', 'mar', '07']",195.45246887207,"['PRECIPITATION', 'mar', '07']"
12,0,"['2007', 'w13']",2007,200713,2007-03-31,3,21.425910949707,"['TEMPERATURE', 'mar', '07']",195.45246887207,"['PRECIPITATION', 'mar', '07']"
13,1,"['2007', 'w14']",2007,200714,2007-04-07,4,21.2370319366455,"['TEMPERATURE', 'apr', '07']",291.927124023438,"['PRECIPITATION', 'apr', '07']"
14,0,"['2007', 'w15']",2007,200715,2007-04-14,4,21.2370319366455,"['TEMPERATURE', 'apr', '07']",291.927124023438,"['PRECIPITATION', 'apr', '07']"
15,0,"['2007', 'w16']",2007,200716,2007-04-21,4,21.2370319366455,"['TEMPERATURE', 'apr', '07']",291.927124023438,"['PRECIPITATION', 'apr', '07']"
16,0,"['2007', 'w17']",2007,200717,2007-04-28,4,21.2370319366455,"['TEMPERATURE', 'apr', '07']",291.927124023438,"['PRECIPITATION', 'apr', '07']"
17,1,"['2007', 'w18']",2007,200718,2007-05-05,5,21.322522163391106,"['TEMPERATURE', 'may', '07']",345.53250122070295,"['PRECIPITATION', 'may', '07']"
18,0,"['2007', 'w19']",2007,200719,2007-05-12,5,21.322522163391106,"['TEMPERATURE', 'may', '07']",345.53250122070295,"['PRECIPITATION', 'may', '07']"
19,0,"['2007', 'w20']",2007,200720,2007-05-19,5,21.322522163391106,"['TEMPERATURE', 'may', '07']",345.53250122070295,"['PRECIPITATION', 'may', '07']"
20,0,"['2007', 'w21']",2007,200721,2007-05-26,5,21.322522163391106,"['TEMPERATURE', 'may', '07']",345.53250122070295,"['PRECIPITATION', 'may', '07']"
21,0,"['2007', 'w22']",2007,200722,2007-06-02,6,21.2431755065918,"['TEMPERATURE', 'jun', '07']",157.963027954102,"['PRECIPITATION', 'jun', '07']"
22,0,"['2007', 'w23']",2007,200723,2007-06-09,6,21.2431755065918,"['TEMPERATURE', 'jun', '07']",157.963027954102,"['PRECIPITATION', 'jun', '07']"
23,0,"['2007', 'w24']",2007,200724,2007-06-16,6,21.2431755065918,"['TEMPERATURE', 'jun', '07']",157.963027954102,"['PRECIPITATION', 'jun', '07']"
24,0,"['2007', 'w25']",2007,200725,2007-06-23,6,21.2431755065918,"['TEMPERATURE', 'jun', '07']",157.963027954102,"['PRECIPITATION', 'jun', '07']"
25,0,"['2007', 'w26']",2007,200726,2007-06-30,6,21.2431755065918,"['TEMPERATURE', 'jun', '07']",157.963027954102,"['PRECIPITATION', 'jun', '07']"
26,0,"['2007', 'w27']",2007,200727,2007-07-07,7,21.686978340148894,"['TEMPERATURE', 'jul', '07']",386.515533447266,"['PRECIPITATION', 'jul', '07']"
27,1,"['2007', 'w28']",2007,200728,2007-07-14,7,21.686978340148894,"['TEMPERATURE', 'jul', '07']",386.515533447266,"['PRECIPITATION', 'jul', '07']"
28,0,"['2007', 'w29']",2007,200729,2007-07-21,7,21.686978340148894,"['TEMPERATURE', 'jul', '07']",386.515533447266,"['PRECIPITATION', 'jul', '07']"
29,0,"['2007', 'w30']",2007,200730,2007-07-28,7,21.686978340148894,"['TEMPERATURE', 'jul', '07']",386.515533447266,"['PRECIPITATION', 'jul', '07']"
30,0,"['2007', 'w31']",2007,200731,2007-08-04,8,20.8663940429688,"['TEMPERATURE', 'aug', '07']",230.007415771484,"['PRECIPITATION', 'aug', '07']"
31,0,"['2007', 'w32']",2007,200732,2007-08-11,8,20.8663940429688,"['TEMPERATURE', 'aug', '07']",230.007415771484,"['PRECIPITATION', 'aug', '07']"
32,0,"['2007', 'w33']",2007,200733,2007-08-18,8,20.8663940429688,"['TEMPERATURE', 'aug', '07']",230.007415771484,"['PRECIPITATION', 'aug', '07']"
33,0,"['2007', 'w34']",2007,200734,2007-08-25,8,20.8663940429688,"['TEMPERATURE', 'aug', '07']",230.007415771484,"['PRECIPITATION', 'aug', '07']"
34,0,"['2007', 'w35']",2007,200735,2007-09-01,9,20.7055358886719,"['TEMPERATURE', 'sep', '07']",234.679382324219,"['PRECIPITATION', 'sep', '07']"
35,0,"['2007', 'w36']",2007,200736,2007-09-08,9,20.7055358886719,"['TEMPERATURE', 'sep', '07']",234.679382324219,"['PRECIPITATION', 'sep', '07']"
36,0,"['2007', 'w37']",2007,200737,2007-09-15,9,20.7055358886719,"['TEMPERATURE', 'sep', '07']",234.679382324219,"['PRECIPITATION', 'sep', '07']"
37,0,"['2007', 'w38']",2007,200738,2007-09-22,9,20.7055358886719,"['TEMPERATURE', 'sep', '07']",234.679382324219,"['PRECIPITATION', 'sep', '07']"
38,0,"['2007', 'w39']",2007,200739,2007-09-29,9,20.7055358886719,"['TEMPERATURE', 'sep', '07']",234.679382324219,"['PRECIPITATION', 'sep', '07']"
39,0,"['2007', 'w40']",2007,200740,2007-10-06,10,19.954406261444106,"['TEMPERATURE', 'oct', '07']",320.929840087891,"['PRECIPITATION', 'oct', '07']"
40,0,"['2007', 'w41']",2007,200741,2007-10-13,10,19.954406261444106,"['TEMPERATURE', 'oct', '07']",320.929840087891,"['PRECIPITATION', 'oct', '07']"
41,0,"['2007', 'w42']",2007,200742,2007-10-20,10,19.954406261444106,"['TEMPERATURE', 'oct', '07']",320.929840087891,"['PRECIPITATION', 'oct', '07']"
42,0,"['2007', 'w43']",2007,200743,2007-10-27,10,19.954406261444106,"['TEMPERATURE', 'oct', '07']",320.929840087891,"['PRECIPITATION', 'oct', '07']"
43,0,"['2007', 'w44']",2007,200744,2007-11-03,11,20.16526222229,"['TEMPERATURE', 'nov', '07']",275.3212890625,"['PRECIPITATION', 'nov', '07']"
44,0,"['2007', 'w45']",2007,200745,2007-11-10,11,20.16526222229,"['TEMPERATURE', 'nov', '07']",275.3212890625,"['PRECIPITATION', 'nov', '07']"
45,0,"['2007', 'w46']",2007,200746,2007-11-17,11,20.16526222229,"['TEMPERATURE', 'nov', '07']",275.3212890625,"['PRECIPITATION', 'nov', '07']"
46,0,"['2007', 'w47']",2007,200747,2007-11-24,11,20.16526222229,"['TEMPERATURE', 'nov', '07']",275.3212890625,"['PRECIPITATION', 'nov', '07']"
47,0,"['2007', 'w48']",2007,200748,2007-12-01,12,20.2003288269043,"['TEMPERATURE', 'dec', '07']",184.041061401367,"['PRECIPITATION', 'dec', '07']"
48,0,"['2007', 'w49']",2007,200749,2007-12-08,12,20.2003288269043,"['TEMPERATURE', 'dec', '07']",184.041061401367,"['PRECIPITATION', 'dec', '07']"
49,0,"['2007', 'w50']",2007,200750,2007-12-15,12,20.2003288269043,"['TEMPERATURE', 'dec', '07']",184.041061401367,"['PRECIPITATION', 'dec', '07']"
50,0,"['2007', 'w51']",2007,200751,2007-12-22,12,20.2003288269043,"['TEMPERATURE', 'dec', '07']",184.041061401367,"['PRECIPITATION', 'dec', '07']"
51,1,"['2007', 'w52']",2007,200752,2007-12-29,12,20.2003288269043,"['TEMPERATURE', 'dec', '07']",184.041061401367,"['PRECIPITATION', 'dec', '07']"
52,26,"['2008', 'w01']",2008,200801,2008-01-05,1,20.5455689430237,"['TEMPERATURE', 'jan', '08']",86.0910491943359,"['PRECIPITATION', 'jan', '08']"
53,24,"['2008', 'w02']",2008,200802,2008-01-12,1,20.5455689430237,"['TEMPERATURE', 'jan', '08']",86.0910491943359,"['PRECIPITATION', 'jan', '08']"
54,21,"['2008', 'w03']",2008,200803,2008-01-19,1,20.5455689430237,"['TEMPERATURE', 'jan', '08']",86.0910491943359,"['PRECIPITATION', 'jan', '08']"
55,18,"['2008', 'w04']",2008,200804,2008-01-26,1,20.5455689430237,"['TEMPERATURE', 'jan', '08']",86.0910491943359,"['PRECIPITATION', 'jan', '08']"
56,15,"['2008', 'w05']",2008,200805,2008-02-02,2,20.715390682220498,"['TEMPERATURE', 'feb', '08']",131.370422363281,"['PRECIPITATION', 'feb', '08']"
57,17,"['2008', 'w06']",2008,200806,2008-02-09,2,20.715390682220498,"['TEMPERATURE', 'feb', '08']",131.370422363281,"['PRECIPITATION', 'feb', '08']"
58,17,"['2008', 'w07']",2008,200807,2008-02-16,2,20.715390682220498,"['TEMPERATURE', 'feb', '08']",131.370422363281,"['PRECIPITATION', 'feb', '08']"
59,18,"['2008', 'w08']",2008,200808,2008-02-23,2,20.715390682220498,"['TEMPERATURE', 'feb', '08']",131.370422363281,"['PRECIPITATION', 'feb', '08']"
60,22,"['2008', 'w09']",2008,200809,2008-03-01,3,20.8684458732605,"['TEMPERATURE', 'mar', '08']",140.433242797852,"['PRECIPITATION', 'mar', '08']"
61,25,"['2008', 'w10']",2008,200810,2008-03-08,3,20.8684458732605,"['TEMPERATURE', 'mar', '08']",140.433242797852,"['PRECIPITATION', 'mar', '08']"
62,16,"['2008', 'w11']",2008,200811,2008-03-15,3,20.8684458732605,"['TEMPERATURE', 'mar', '08']",140.433242797852,"['PRECIPITATION', 'mar', '08']"
63,15,"['2008', 'w12']",2008,200812,2008-03-22,3,20.8684458732605,"['TEMPERATURE', 'mar', '08']",140.433242797852,"['PRECIPITATION', 'mar', '08']"
64,20,"['2008', 'w13']",2008,200813,2008-03-29,3,20.8684458732605,"['TEMPERATURE', 'mar', '08']",140.433242797852,"['PRECIPITATION', 'mar', '08']"
65,16,"['2008', 'w14']",2008,200814,2008-04-05,4,21.0343399047852,"['TEMPERATURE', 'apr', '08']",246.781661987305,"['PRECIPITATION', 'apr', '08']"
66,17,"['2008', 'w15']",2008,200815,2008-04-12,4,21.0343399047852,"['TEMPERATURE', 'apr', '08']",246.781661987305,"['PRECIPITATION', 'apr', '08']"
67,18,"['2008', 'w16']",2008,200816,2008-04-19,4,21.0343399047852,"['TEMPERATURE', 'apr', '08']",246.781661987305,"['PRECIPITATION', 'apr', '08']"
68,12,"['2008', 'w17']",2008,200817,2008-04-26,4,21.0343399047852,"['TEMPERATURE', 'apr', '08']",246.781661987305,"['PRECIPITATION', 'apr', '08']"
69,16,"['2008', 'w18']",2008,200818,2008-05-03,5,20.722520828247106,"['TEMPERATURE', 'may', '08']",1033.19201660156,"['PRECIPITATION', 'may', '08']"
70,12,"['2008', 'w19']",2008,200819,2008-05-10,5,20.722520828247106,"['TEMPERATURE', 'may', '08']",1033.19201660156,"['PRECIPITATION', 'may', '08']"
71,19,"['2008', 'w20']",2008,200820,2008-05-17,5,20.722520828247106,"['TEMPERATURE', 'may', '08']",1033.19201660156,"['PRECIPITATION', 'may', '08']"
72,12,"['2008', 'w21']",2008,200821,2008-05-24,5,20.722520828247106,"['TEMPERATURE', 'may', '08']",1033.19201660156,"['PRECIPITATION', 'may', '08']"
73,20,"['2008', 'w22']",2008,200822,2008-05-31,5,20.722520828247106,"['TEMPERATURE', 'may', '08']",1033.19201660156,"['PRECIPITATION', 'may', '08']"
74,21,"['2008', 'w23']",2008,200823,2008-06-07,6,20.963748455047604,"['TEMPERATURE', 'jun', '08']",248.03678894043,"['PRECIPITATION', 'jun', '08']"
75,23,"['2008', 'w24']",2008,200824,2008-06-14,6,20.963748455047604,"['TEMPERATURE', 'jun', '08']",248.03678894043,"['PRECIPITATION', 'jun', '08']"
76,15,"['2008', 'w25']",2008,200825,2008-06-21,6,20.963748455047604,"['TEMPERATURE', 'jun', '08']",248.03678894043,"['PRECIPITATION', 'jun', '08']"
77,13,"['2008', 'w26']",2008,200826,2008-06-28,6,20.963748455047604,"['TEMPERATURE', 'jun', '08']",248.03678894043,"['PRECIPITATION', 'jun', '08']"
78,7,"['2008', 'w27']",2008,200827,2008-07-05,7,21.0548596382141,"['TEMPERATURE', 'jul', '08']",390.182495117188,"['PRECIPITATION', 'jul', '08']"
79,15,"['2008', 'w28']",2008,200828,2008-07-12,7,21.0548596382141,"['TEMPERATURE', 'jul', '08']",390.182495117188,"['PRECIPITATION', 'jul', '08']"
80,15,"['2008', 'w29']",2008,200829,2008-07-19,7,21.0548596382141,"['TEMPERATURE', 'jul', '08']",390.182495117188,"['PRECIPITATION', 'jul', '08']"
81,17,"['2008', 'w30']",2008,200830,2008-07-26,7,21.0548596382141,"['TEMPERATURE', 'jul', '08']",390.182495117188,"['PRECIPITATION', 'jul', '08']"
82,10,"['2008', 'w31']",2008,200831,2008-08-02,8,20.8694314956665,"['TEMPERATURE', 'aug', '08']",332.141723632812,"['PRECIPITATION', 'aug', '08']"
83,15,"['2008', 'w32']",2008,200832,2008-08-09,8,20.8694314956665,"['TEMPERATURE', 'aug', '08']",332.141723632812,"['PRECIPITATION', 'aug', '08']"
84,21,"['2008', 'w33']",2008,200833,2008-08-16,8,20.8694314956665,"['TEMPERATURE', 'aug', '08']",332.141723632812,"['PRECIPITATION', 'aug', '08']"
85,12,"['2008', 'w34']",2008,200834,2008-08-23,8,20.8694314956665,"['TEMPERATURE', 'aug', '08']",332.141723632812,"['PRECIPITATION', 'aug', '08']"
86,23,"['2008', 'w35']",2008,200835,2008-08-30,8,20.8694314956665,"['TEMPERATURE', 'aug', '08']",332.141723632812,"['PRECIPITATION', 'aug', '08']"
87,16,"['2008', 'w36']",2008,200836,2008-09-06,9,20.8001532554626,"['TEMPERATURE', 'sep', '08']",226.30613708496102,"['PRECIPITATION', 'sep', '08']"
88,22,"['2008', 'w37']",2008,200837,2008-09-13,9,20.8001532554626,"['TEMPERATURE', 'sep', '08']",226.30613708496102,"['PRECIPITATION', 'sep', '08']"
89,14,"['2008', 'w38']",2008,200838,2008-09-20,9,20.8001532554626,"['TEMPERATURE', 'sep', '08']",226.30613708496102,"['PRECIPITATION', 'sep', '08']"
90,16,"['2008', 'w39']",2008,200839,2008-09-27,9,20.8001532554626,"['TEMPERATURE', 'sep', '08']",226.30613708496102,"['PRECIPITATION', 'sep', '08']"
91,18,"['2008', 'w40']",2008,200840,2008-10-04,10,20.0544066429138,"['TEMPERATURE', 'oct', '08']",302.420684814453,"['PRECIPITATION', 'oct', '08']"
92,22,"['2008', 'w41']",2008,200841,2008-10-11,10,20.0544066429138,"['TEMPERATURE', 'oct', '08']",302.420684814453,"['PRECIPITATION', 'oct', '08']"
93,19,"['2008', 'w42']",2008,200842,2008-10-18,10,20.0544066429138,"['TEMPERATURE', 'oct', '08']",302.420684814453,"['PRECIPITATION', 'oct', '08']"
94,15,"['2008', 'w43']",2008,200843,2008-10-25,10,20.0544066429138,"['TEMPERATURE', 'oct', '08']",302.420684814453,"['PRECIPITATION', 'oct', '08']"
95,25,"['2008', 'w44']",2008,200844,2008-11-01,11,20.0206441879272,"['TEMPERATURE', 'nov', '08']",295.51666259765597,"['PRECIPITATION', 'nov', '08']"
96,23,"['2008', 'w45']",2008,200845,2008-11-08,11,20.0206441879272,"['TEMPERATURE', 'nov', '08']",295.51666259765597,"['PRECIPITATION', 'nov', '08']"
97,10,"['2008', 'w46']",2008,200846,2008-11-15,11,20.0206441879272,"['TEMPERATURE', 'nov', '08']",295.51666259765597,"['PRECIPITATION', 'nov', '08']"
98,19,"['2008', 'w47']",2008,200847,2008-11-22,11,20.0206441879272,"['TEMPERATURE', 'nov', '08']",295.51666259765597,"['PRECIPITATION', 'nov', '08']"
99,15,"['2008', 'w48']",2008,200848,2008-11-29,11,20.0206441879272,"['TEMPERATURE', 'nov', '08']",295.51666259765597,"['PRECIPITATION', 'nov', '08']"
100,17,"['2008', 'w49']",2008,200849,2008-12-06,12,19.9250683784485,"['TEMPERATURE', 'dec', '08']",223.92004394531202,"['PRECIPITATION', 'dec', '08']"
101,13,"['2008', 'w50']",2008,200850,2008-12-13,12,19.9250683784485,"['TEMPERATURE', 'dec', '08']",223.92004394531202,"['PRECIPITATION', 'dec', '08']"
102,19,"['2008', 'w51']",2008,200851,2008-12-20,12,19.9250683784485,"['TEMPERATURE', 'dec', '08']",223.92004394531202,"['PRECIPITATION', 'dec', '08']"
103,16,"['2008', 'w52']",2008,200852,2008-12-27,12,19.9250683784485,"['TEMPERATURE', 'dec', '08']",223.92004394531202,"['PRECIPITATION', 'dec', '08']"
104,4,"['2009', 'w01']",2009,200901,2009-01-03,1,20.5160541534424,"['TEMPERATURE', 'jan', '09']",133.955581665039,"['PRECIPITATION', 'jan', '09']"
105,4,"['2009', 'w02']",2009,200902,2009-01-10,1,20.5160541534424,"['TEMPERATURE', 'jan', '09']",133.955581665039,"['PRECIPITATION', 'jan', '09']"
106,3,"['2009', 'w03']",2009,200903,2009-01-17,1,20.5160541534424,"['TEMPERATURE', 'jan', '09']",133.955581665039,"['PRECIPITATION', 'jan', '09']"
107,2,"['2009', 'w04']",2009,200904,2009-01-24,1,20.5160541534424,"['TEMPERATURE', 'jan', '09']",133.955581665039,"['PRECIPITATION', 'jan', '09']"
108,3,"['2009', 'w05']",2009,200905,2009-01-31,1,20.5160541534424,"['TEMPERATURE', 'jan', '09']",133.955581665039,"['PRECIPITATION', 'jan', '09']"
109,1,"['2009', 'w06']",2009,200906,2009-02-07,2,20.5299735069275,"['TEMPERATURE', 'feb', '09']",130.186416625977,"['PRECIPITATION', 'feb', '09']"
110,1,"['2009', 'w07']",2009,200907,2009-02-14,2,20.5299735069275,"['TEMPERATURE', 'feb', '09']",130.186416625977,"['PRECIPITATION', 'feb', '09']"
111,3,"['2009', 'w08']",2009,200908,2009-02-21,2,20.5299735069275,"['TEMPERATURE', 'feb', '09']",130.186416625977,"['PRECIPITATION', 'feb', '09']"
112,1,"['2009', 'w09']",2009,200909,2009-02-28,2,20.5299735069275,"['TEMPERATURE', 'feb', '09']",130.186416625977,"['PRECIPITATION', 'feb', '09']"
113,1,"['2009', 'w10']",2009,200910,2009-03-07,3,20.278254032135,"['TEMPERATURE', 'mar', '09']",241.387420654297,"['PRECIPITATION', 'mar', '09']"
114,2,"['2009', 'w11']",2009,200911,2009-03-14,3,20.278254032135,"['TEMPERATURE', 'mar', '09']",241.387420654297,"['PRECIPITATION', 'mar', '09']"
115,4,"['2009', 'w12']",2009,200912,2009-03-21,3,20.278254032135,"['TEMPERATURE', 'mar', '09']",241.387420654297,"['PRECIPITATION', 'mar', '09']"
116,0,"['2009', 'w13']",2009,200913,2009-03-28,3,20.278254032135,"['TEMPERATURE', 'mar', '09']",241.387420654297,"['PRECIPITATION', 'mar', '09']"
117,2,"['2009', 'w14']",2009,200914,2009-04-04,4,21.0676741600037,"['TEMPERATURE', 'apr', '09']",177.008193969727,"['PRECIPITATION', 'apr', '09']"
118,3,"['2009', 'w15']",2009,200915,2009-04-11,4,21.0676741600037,"['TEMPERATURE', 'apr', '09']",177.008193969727,"['PRECIPITATION', 'apr', '09']"
119,2,"['2009', 'w16']",2009,200916,2009-04-18,4,21.0676741600037,"['TEMPERATURE', 'apr', '09']",177.008193969727,"['PRECIPITATION', 'apr', '09']"
120,0,"['2009', 'w17']",2009,200917,2009-04-25,4,21.0676741600037,"['TEMPERATURE', 'apr', '09']",177.008193969727,"['PRECIPITATION', 'apr', '09']"
121,1,"['2009', 'w18']",2009,200918,2009-05-02,5,21.1570706367493,"['TEMPERATURE', 'may', '09']",250.477355957031,"['PRECIPITATION', 'may', '09']"
122,0,"['2009', 'w19']",2009,200919,2009-05-09,5,21.1570706367493,"['TEMPERATURE', 'may', '09']",250.477355957031,"['PRECIPITATION', 'may', '09']"
123,5,"['2009', 'w20']",2009,200920,2009-05-16,5,21.1570706367493,"['TEMPERATURE', 'may', '09']",250.477355957031,"['PRECIPITATION', 'may', '09']"
124,5,"['2009', 'w21']",2009,200921,2009-05-23,5,21.1570706367493,"['TEMPERATURE', 'may', '09']",250.477355957031,"['PRECIPITATION', 'may', '09']"
125,5,"['2009', 'w22']",2009,200922,2009-05-30,5,21.1570706367493,"['TEMPERATURE', 'may', '09']",250.477355957031,"['PRECIPITATION', 'may', '09']"
126,7,"['2009', 'w23']",2009,200923,2009-06-06,6,21.1798071861267,"['TEMPERATURE', 'jun', '09']",224.56672668457,"['PRECIPITATION', 'jun', '09']"
127,6,"['2009', 'w24']",2009,200924,2009-06-13,6,21.1798071861267,"['TEMPERATURE', 'jun', '09']",224.56672668457,"['PRECIPITATION', 'jun', '09']"
128,3,"['2009', 'w25']",2009,200925,2009-06-20,6,21.1798071861267,"['TEMPERATURE', 'jun', '09']",224.56672668457,"['PRECIPITATION', 'jun', '09']"
129,6,"['2009', 'w26']",2009,200926,2009-06-27,6,21.1798071861267,"['TEMPERATURE', 'jun', '09']",224.56672668457,"['PRECIPITATION', 'jun', '09']"
130,7,"['2009', 'w27']",2009,200927,2009-07-04,7,21.6736097335815,"['TEMPERATURE', 'jul', '09']",148.674896240234,"['PRECIPITATION', 'jul', '09']"
131,8,"['2009', 'w28']",2009,200928,2009-07-11,7,21.6736097335815,"['TEMPERATURE', 'jul', '09']",148.674896240234,"['PRECIPITATION', 'jul', '09']"
132,5,"['2009', 'w29']",2009,200929,2009-07-18,7,21.6736097335815,"['TEMPERATURE', 'jul', '09']",148.674896240234,"['PRECIPITATION', 'jul', '09']"
133,6,"['2009', 'w30']",2009,200930,2009-07-25,7,21.6736097335815,"['TEMPERATURE', 'jul', '09']",148.674896240234,"['PRECIPITATION', 'jul', '09']"
134,6,"['2009', 'w31']",2009,200931,2009-08-01,8,21.9327993392944,"['TEMPERATURE', 'aug', '09']",255.542785644531,"['PRECIPITATION', 'aug', '09']"
135,5,"['2009', 'w32']",2009,200932,2009-08-08,8,21.9327993392944,"['TEMPERATURE', 'aug', '09']",255.542785644531,"['PRECIPITATION', 'aug', '09']"
136,14,"['2009', 'w33']",2009,200933,2009-08-15,8,21.9327993392944,"['TEMPERATURE', 'aug', '09']",255.542785644531,"['PRECIPITATION', 'aug', '09']"
137,10,"['2009', 'w34']",2009,200934,2009-08-22,8,21.9327993392944,"['TEMPERATURE', 'aug', '09']",255.542785644531,"['PRECIPITATION', 'aug', '09']"
138,10,"['2009', 'w35']",2009,200935,2009-08-29,8,21.9327993392944,"['TEMPERATURE', 'aug', '09']",255.542785644531,"['PRECIPITATION', 'aug', '09']"
139,7,"['2009', 'w36']",2009,200936,2009-09-05,9,21.848070144653306,"['TEMPERATURE', 'sep', '09']",211.922561645508,"['PRECIPITATION', 'sep', '09']"
140,6,"['2009', 'w37']",2009,200937,2009-09-12,9,21.848070144653306,"['TEMPERATURE', 'sep', '09']",211.922561645508,"['PRECIPITATION', 'sep', '09']"
141,10,"['2009', 'w38']",2009,200938,2009-09-19,9,21.848070144653306,"['TEMPERATURE', 'sep', '09']",211.922561645508,"['PRECIPITATION', 'sep', '09']"
142,25,"['2009', 'w39']",2009,200939,2009-09-26,9,21.848070144653306,"['TEMPERATURE', 'sep', '09']",211.922561645508,"['PRECIPITATION', 'sep', '09']"
143,20,"['2009', 'w40']",2009,200940,2009-10-03,10,21.0984172821045,"['TEMPERATURE', 'oct', '09']",331.874114990234,"['PRECIPITATION', 'oct', '09']"
144,18,"['2009', 'w41']",2009,200941,2009-10-10,10,21.0984172821045,"['TEMPERATURE', 'oct', '09']",331.874114990234,"['PRECIPITATION', 'oct', '09']"
145,15,"['2009', 'w42']",2009,200942,2009-10-17,10,21.0984172821045,"['TEMPERATURE', 'oct', '09']",331.874114990234,"['PRECIPITATION', 'oct', '09']"
146,13,"['2009', 'w43']",2009,200943,2009-10-24,10,21.0984172821045,"['TEMPERATURE', 'oct', '09']",331.874114990234,"['PRECIPITATION', 'oct', '09']"
147,11,"['2009', 'w44']",2009,200944,2009-10-31,10,21.0984172821045,"['TEMPERATURE', 'oct', '09']",331.874114990234,"['PRECIPITATION', 'oct', '09']"
148,13,"['2009', 'w45']",2009,200945,2009-11-07,11,21.300679206848105,"['TEMPERATURE', 'nov', '09']",194.040817260742,"['PRECIPITATION', 'nov', '09']"
149,15,"['2009', 'w46']",2009,200946,2009-11-14,11,21.300679206848105,"['TEMPERATURE', 'nov', '09']",194.040817260742,"['PRECIPITATION', 'nov', '09']"
150,12,"['2009', 'w47']",2009,200947,2009-11-21,11,21.300679206848105,"['TEMPERATURE', 'nov', '09']",194.040817260742,"['PRECIPITATION', 'nov', '09']"
151,26,"['2009', 'w48']",2009,200948,2009-11-28,11,21.300679206848105,"['TEMPERATURE', 'nov', '09']",194.040817260742,"['PRECIPITATION', 'nov', '09']"
152,16,"['2009', 'w49']",2009,200949,2009-12-05,12,21.6294956207275,"['TEMPERATURE', 'dec', '09']",128.476959228516,"['PRECIPITATION', 'dec', '09']"
153,24,"['2009', 'w50']",2009,200950,2009-12-12,12,21.6294956207275,"['TEMPERATURE', 'dec', '09']",128.476959228516,"['PRECIPITATION', 'dec', '09']"
154,21,"['2009', 'w51']",2009,200951,2009-12-19,12,21.6294956207275,"['TEMPERATURE', 'dec', '09']",128.476959228516,"['PRECIPITATION', 'dec', '09']"
155,16,"['2009', 'w52']",2009,200952,2009-12-26,12,21.6294956207275,"['TEMPERATURE', 'dec', '09']",128.476959228516,"['PRECIPITATION', 'dec', '09']"
156,30,"['2010', 'w01']",2010,201001,2010-01-02,1,21.957200050354,"['TEMPERATURE', 'jan', '10']",18.4387092590332,"['PRECIPITATION', 'jan', '10']"
157,36,"['2010', 'w02']",2010,201002,2010-01-09,1,21.957200050354,"['TEMPERATURE', 'jan', '10']",18.4387092590332,"['PRECIPITATION', 'jan', '10']"
158,37,"['2010', 'w03']",2010,201003,2010-01-16,1,21.957200050354,"['TEMPERATURE', 'jan', '10']",18.4387092590332,"['PRECIPITATION', 'jan', '10']"
159,46,"['2010', 'w04']",2010,201004,2010-01-23,1,21.957200050354,"['TEMPERATURE', 'jan', '10']",18.4387092590332,"['PRECIPITATION', 'jan', '10']"
160,83,"['2010', 'w05']",2010,201005,2010-01-30,1,21.957200050354,"['TEMPERATURE', 'jan', '10']",18.4387092590332,"['PRECIPITATION', 'jan', '10']"
161,83,"['2010', 'w06']",2010,201006,2010-02-06,2,22.0087933540344,"['TEMPERATURE', 'feb', '10']",72.64306640625,"['PRECIPITATION', 'feb', '10']"
162,96,"['2010', 'w07']",2010,201007,2010-02-13,2,22.0087933540344,"['TEMPERATURE', 'feb', '10']",72.64306640625,"['PRECIPITATION', 'feb', '10']"
163,95,"['2010', 'w08']",2010,201008,2010-02-20,2,22.0087933540344,"['TEMPERATURE', 'feb', '10']",72.64306640625,"['PRECIPITATION', 'feb', '10']"
164,115,"['2010', 'w09']",2010,201009,2010-02-27,2,22.0087933540344,"['TEMPERATURE', 'feb', '10']",72.64306640625,"['PRECIPITATION', 'feb', '10']"
165,110,"['2010', 'w10']",2010,201010,2010-03-06,3,23.0559453964233,"['TEMPERATURE', 'mar', '10']",146.27307128906202,"['PRECIPITATION', 'mar', '10']"
166,136,"['2010', 'w11']",2010,201011,2010-03-13,3,23.0559453964233,"['TEMPERATURE', 'mar', '10']",146.27307128906202,"['PRECIPITATION', 'mar', '10']"
167,133,"['2010', 'w12']",2010,201012,2010-03-20,3,23.0559453964233,"['TEMPERATURE', 'mar', '10']",146.27307128906202,"['PRECIPITATION', 'mar', '10']"
168,168,"['2010', 'w13']",2010,201013,2010-03-27,3,23.0559453964233,"['TEMPERATURE', 'mar', '10']",146.27307128906202,"['PRECIPITATION', 'mar', '10']"
169,234,"['2010', 'w14']",2010,201014,2010-04-03,4,22.064983367919893,"['TEMPERATURE', 'apr', '10']",337.406646728516,"['PRECIPITATION', 'apr', '10']"
170,314,"['2010', 'w15']",2010,201015,2010-04-10,4,22.064983367919893,"['TEMPERATURE', 'apr', '10']",337.406646728516,"['PRECIPITATION', 'apr', '10']"
171,445,"['2010', 'w16']",2010,201016,2010-04-17,4,22.064983367919893,"['TEMPERATURE', 'apr', '10']",337.406646728516,"['PRECIPITATION', 'apr', '10']"
172,511,"['2010', 'w17']",2010,201017,2010-04-24,4,22.064983367919893,"['TEMPERATURE', 'apr', '10']",337.406646728516,"['PRECIPITATION', 'apr', '10']"
173,562,"['2010', 'w18']",2010,201018,2010-05-01,5,21.827556610107397,"['TEMPERATURE', 'may', '10']",401.518890380859,"['PRECIPITATION', 'may', '10']"
174,645,"['2010', 'w19']",2010,201019,2010-05-08,5,21.827556610107397,"['TEMPERATURE', 'may', '10']",401.518890380859,"['PRECIPITATION', 'may', '10']"
175,731,"['2010', 'w20']",2010,201020,2010-05-15,5,21.827556610107397,"['TEMPERATURE', 'may', '10']",401.518890380859,"['PRECIPITATION', 'may', '10']"
176,699,"['2010', 'w21']",2010,201021,2010-05-22,5,21.827556610107397,"['TEMPERATURE', 'may', '10']",401.518890380859,"['PRECIPITATION', 'may', '10']"
177,734,"['2010', 'w22']",2010,201022,2010-05-29,5,21.827556610107397,"['TEMPERATURE', 'may', '10']",401.518890380859,"['PRECIPITATION', 'may', '10']"
178,820,"['2010', 'w23']",2010,201023,2010-06-05,6,21.4643564224243,"['TEMPERATURE', 'jun', '10']",274.525177001953,"['PRECIPITATION', 'jun', '10']"
179,782,"['2010', 'w24']",2010,201024,2010-06-12,6,21.4643564224243,"['TEMPERATURE', 'jun', '10']",274.525177001953,"['PRECIPITATION', 'jun', '10']"
180,655,"['2010', 'w25']",2010,201025,2010-06-19,6,21.4643564224243,"['TEMPERATURE', 'jun', '10']",274.525177001953,"['PRECIPITATION', 'jun', '10']"
181,651,"['2010', 'w26']",2010,201026,2010-06-26,6,21.4643564224243,"['TEMPERATURE', 'jun', '10']",274.525177001953,"['PRECIPITATION', 'jun', '10']"
182,572,"['2010', 'w27']",2010,201027,2010-07-03,7,21.303644657135,"['TEMPERATURE', 'jul', '10']",246.552337646484,"['PRECIPITATION', 'jul', '10']"
183,537,"['2010', 'w28']",2010,201028,2010-07-10,7,21.303644657135,"['TEMPERATURE', 'jul', '10']",246.552337646484,"['PRECIPITATION', 'jul', '10']"
184,522,"['2010', 'w29']",2010,201029,2010-07-17,7,21.303644657135,"['TEMPERATURE', 'jul', '10']",246.552337646484,"['PRECIPITATION', 'jul', '10']"
185,447,"['2010', 'w30']",2010,201030,2010-07-24,7,21.303644657135,"['TEMPERATURE', 'jul', '10']",246.552337646484,"['PRECIPITATION', 'jul', '10']"
186,536,"['2010', 'w31']",2010,201031,2010-07-31,7,21.303644657135,"['TEMPERATURE', 'jul', '10']",246.552337646484,"['PRECIPITATION', 'jul', '10']"
187,493,"['2010', 'w32']",2010,201032,2010-08-07,8,21.468216419220003,"['TEMPERATURE', 'aug', '10']",212.36376953125,"['PRECIPITATION', 'aug', '10']"
188,493,"['2010', 'w33']",2010,201033,2010-08-14,8,21.468216419220003,"['TEMPERATURE', 'aug', '10']",212.36376953125,"['PRECIPITATION', 'aug', '10']"
189,448,"['2010', 'w34']",2010,201034,2010-08-21,8,21.468216419220003,"['TEMPERATURE', 'aug', '10']",212.36376953125,"['PRECIPITATION', 'aug', '10']"
190,409,"['2010', 'w35']",2010,201035,2010-08-28,8,21.468216419220003,"['TEMPERATURE', 'aug', '10']",212.36376953125,"['PRECIPITATION', 'aug', '10']"
191,347,"['2010', 'w36']",2010,201036,2010-09-04,9,20.712653160095197,"['TEMPERATURE', 'sep', '10']",314.21197509765597,"['PRECIPITATION', 'sep', '10']"
192,263,"['2010', 'w37']",2010,201037,2010-09-11,9,20.712653160095197,"['TEMPERATURE', 'sep', '10']",314.21197509765597,"['PRECIPITATION', 'sep', '10']"
193,290,"['2010', 'w38']",2010,201038,2010-09-18,9,20.712653160095197,"['TEMPERATURE', 'sep', '10']",314.21197509765597,"['PRECIPITATION', 'sep', '10']"
194,209,"['2010', 'w39']",2010,201039,2010-09-25,9,20.712653160095197,"['TEMPERATURE', 'sep', '10']",314.21197509765597,"['PRECIPITATION', 'sep', '10']"
195,164,"['2010', 'w40']",2010,201040,2010-10-02,10,20.5556216239929,"['TEMPERATURE', 'oct', '10']",280.631072998047,"['PRECIPITATION', 'oct', '10']"
196,166,"['2010', 'w41']",2010,201041,2010-10-09,10,20.5556216239929,"['TEMPERATURE', 'oct', '10']",280.631072998047,"['PRECIPITATION', 'oct', '10']"
197,127,"['2010', 'w42']",2010,201042,2010-10-16,10,20.5556216239929,"['TEMPERATURE', 'oct', '10']",280.631072998047,"['PRECIPITATION', 'oct', '10']"
198,121,"['2010', 'w43']",2010,201043,2010-10-23,10,20.5556216239929,"['TEMPERATURE', 'oct', '10']",280.631072998047,"['PRECIPITATION', 'oct', '10']"
199,80,"['2010', 'w44']",2010,201044,2010-10-30,10,20.5556216239929,"['TEMPERATURE', 'oct', '10']",280.631072998047,"['PRECIPITATION', 'oct', '10']"
200,89,"['2010', 'w45']",2010,201045,2010-11-06,11,19.8367033004761,"['TEMPERATURE', 'nov', '10']",428.384368896484,"['PRECIPITATION', 'nov', '10']"
201,67,"['2010', 'w46']",2010,201046,2010-11-13,11,19.8367033004761,"['TEMPERATURE', 'nov', '10']",428.384368896484,"['PRECIPITATION', 'nov', '10']"
202,42,"['2010', 'w47']",2010,201047,2010-11-20,11,19.8367033004761,"['TEMPERATURE', 'nov', '10']",428.384368896484,"['PRECIPITATION', 'nov', '10']"
203,44,"['2010', 'w48']",2010,201048,2010-11-27,11,19.8367033004761,"['TEMPERATURE', 'nov', '10']",428.384368896484,"['PRECIPITATION', 'nov', '10']"
204,46,"['2010', 'w49']",2010,201049,2010-12-04,12,20.3009362220764,"['TEMPERATURE', 'dec', '10']",293.944458007812,"['PRECIPITATION', 'dec', '10']"
205,47,"['2010', 'w50']",2010,201050,2010-12-11,12,20.3009362220764,"['TEMPERATURE', 'dec', '10']",293.944458007812,"['PRECIPITATION', 'dec', '10']"
206,33,"['2010', 'w51']",2010,201051,2010-12-18,12,20.3009362220764,"['TEMPERATURE', 'dec', '10']",293.944458007812,"['PRECIPITATION', 'dec', '10']"
207,27,"['2010', 'w52']",2010,201052,2010-12-25,12,20.3009362220764,"['TEMPERATURE', 'dec', '10']",293.944458007812,"['PRECIPITATION', 'dec', '10']"
208,38,"['2011', 'w01']",2011,201101,2011-01-01,1,20.8931384086609,"['TEMPERATURE', 'jan', '11']",108.024269104004,"['PRECIPITATION', 'jan', '11']"
209,29,"['2011', 'w02']",2011,201102,2011-01-08,1,20.8931384086609,"['TEMPERATURE', 'jan', '11']",108.024269104004,"['PRECIPITATION', 'jan', '11']"
210,29,"['2011', 'w03']",2011,201103,2011-01-15,1,20.8931384086609,"['TEMPERATURE', 'jan', '11']",108.024269104004,"['PRECIPITATION', 'jan', '11']"
211,26,"['2011', 'w04']",2011,201104,2011-01-22,1,20.8931384086609,"['TEMPERATURE', 'jan', '11']",108.024269104004,"['PRECIPITATION', 'jan', '11']"
212,19,"['2011', 'w05']",2011,201105,2011-01-29,1,20.8931384086609,"['TEMPERATURE', 'jan', '11']",108.024269104004,"['PRECIPITATION', 'jan', '11']"
213,14,"['2011', 'w06']",2011,201106,2011-02-05,2,20.9245920181274,"['TEMPERATURE', 'feb', '11']",169.731292724609,"['PRECIPITATION', 'feb', '11']"
214,13,"['2011', 'w07']",2011,201107,2011-02-12,2,20.9245920181274,"['TEMPERATURE', 'feb', '11']",169.731292724609,"['PRECIPITATION', 'feb', '11']"
215,14,"['2011', 'w08']",2011,201108,2011-02-19,2,20.9245920181274,"['TEMPERATURE', 'feb', '11']",169.731292724609,"['PRECIPITATION', 'feb', '11']"
216,19,"['2011', 'w09']",2011,201109,2011-02-26,2,20.9245920181274,"['TEMPERATURE', 'feb', '11']",169.731292724609,"['PRECIPITATION', 'feb', '11']"
217,14,"['2011', 'w10']",2011,201110,2011-03-05,3,20.644660949707,"['TEMPERATURE', 'mar', '11']",200.14549255371102,"['PRECIPITATION', 'mar', '11']"
218,9,"['2011', 'w11']",2011,201111,2011-03-12,3,20.644660949707,"['TEMPERATURE', 'mar', '11']",200.14549255371102,"['PRECIPITATION', 'mar', '11']"
219,14,"['2011', 'w12']",2011,201112,2011-03-19,3,20.644660949707,"['TEMPERATURE', 'mar', '11']",200.14549255371102,"['PRECIPITATION', 'mar', '11']"
220,7,"['2011', 'w13']",2011,201113,2011-03-26,3,20.644660949707,"['TEMPERATURE', 'mar', '11']",200.14549255371102,"['PRECIPITATION', 'mar', '11']"
221,15,"['2011', 'w14']",2011,201114,2011-04-02,4,20.8045663833618,"['TEMPERATURE', 'apr', '11']",610.444641113281,"['PRECIPITATION', 'apr', '11']"
222,18,"['2011', 'w15']",2011,201115,2011-04-09,4,20.8045663833618,"['TEMPERATURE', 'apr', '11']",610.444641113281,"['PRECIPITATION', 'apr', '11']"
223,16,"['2011', 'w16']",2011,201116,2011-04-16,4,20.8045663833618,"['TEMPERATURE', 'apr', '11']",610.444641113281,"['PRECIPITATION', 'apr', '11']"
224,16,"['2011', 'w17']",2011,201117,2011-04-23,4,20.8045663833618,"['TEMPERATURE', 'apr', '11']",610.444641113281,"['PRECIPITATION', 'apr', '11']"
225,9,"['2011', 'w18']",2011,201118,2011-04-30,4,20.8045663833618,"['TEMPERATURE', 'apr', '11']",610.444641113281,"['PRECIPITATION', 'apr', '11']"
226,12,"['2011', 'w19']",2011,201119,2011-05-07,5,21.256463050842303,"['TEMPERATURE', 'may', '11']",286.312774658203,"['PRECIPITATION', 'may', '11']"
227,15,"['2011', 'w20']",2011,201120,2011-05-14,5,21.256463050842303,"['TEMPERATURE', 'may', '11']",286.312774658203,"['PRECIPITATION', 'may', '11']"
228,22,"['2011', 'w21']",2011,201121,2011-05-21,5,21.256463050842303,"['TEMPERATURE', 'may', '11']",286.312774658203,"['PRECIPITATION', 'may', '11']"
229,14,"['2011', 'w22']",2011,201122,2011-05-28,5,21.256463050842303,"['TEMPERATURE', 'may', '11']",286.312774658203,"['PRECIPITATION', 'may', '11']"
230,22,"['2011', 'w23']",2011,201123,2011-06-04,6,21.428332328796397,"['TEMPERATURE', 'jun', '11']",369.18112182617205,"['PRECIPITATION', 'jun', '11']"
231,18,"['2011', 'w24']",2011,201124,2011-06-11,6,21.428332328796397,"['TEMPERATURE', 'jun', '11']",369.18112182617205,"['PRECIPITATION', 'jun', '11']"
232,18,"['2011', 'w25']",2011,201125,2011-06-18,6,21.428332328796397,"['TEMPERATURE', 'jun', '11']",369.18112182617205,"['PRECIPITATION', 'jun', '11']"
233,21,"['2011', 'w26']",2011,201126,2011-06-25,6,21.428332328796397,"['TEMPERATURE', 'jun', '11']",369.18112182617205,"['PRECIPITATION', 'jun', '11']"
234,26,"['2011', 'w27']",2011,201127,2011-07-02,7,21.582811355590806,"['TEMPERATURE', 'jul', '11']",222.02491760253898,"['PRECIPITATION', 'jul', '11']"
235,19,"['2011', 'w28']",2011,201128,2011-07-09,7,21.582811355590806,"['TEMPERATURE', 'jul', '11']",222.02491760253898,"['PRECIPITATION', 'jul', '11']"
236,11,"['2011', 'w29']",2011,201129,2011-07-16,7,21.582811355590806,"['TEMPERATURE', 'jul', '11']",222.02491760253898,"['PRECIPITATION', 'jul', '11']"
237,9,"['2011', 'w30']",2011,201130,2011-07-23,7,21.582811355590806,"['TEMPERATURE', 'jul', '11']",222.02491760253898,"['PRECIPITATION', 'jul', '11']"
238,16,"['2011', 'w31']",2011,201131,2011-07-30,7,21.582811355590806,"['TEMPERATURE', 'jul', '11']",222.02491760253898,"['PRECIPITATION', 'jul', '11']"
239,12,"['2011', 'w32']",2011,201132,2011-08-06,8,21.7988586425781,"['TEMPERATURE', 'aug', '11']",198.846771240234,"['PRECIPITATION', 'aug', '11']"
240,12,"['2011', 'w33']",2011,201133,2011-08-13,8,21.7988586425781,"['TEMPERATURE', 'aug', '11']",198.846771240234,"['PRECIPITATION', 'aug', '11']"
241,15,"['2011', 'w34']",2011,201134,2011-08-20,8,21.7988586425781,"['TEMPERATURE', 'aug', '11']",198.846771240234,"['PRECIPITATION', 'aug', '11']"
242,20,"['2011', 'w35']",2011,201135,2011-08-27,8,21.7988586425781,"['TEMPERATURE', 'aug', '11']",198.846771240234,"['PRECIPITATION', 'aug', '11']"
243,9,"['2011', 'w36']",2011,201136,2011-09-03,9,21.2447719573975,"['TEMPERATURE', 'sep', '11']",293.925140380859,"['PRECIPITATION', 'sep', '11']"
244,10,"['2011', 'w37']",2011,201137,2011-09-10,9,21.2447719573975,"['TEMPERATURE', 'sep', '11']",293.925140380859,"['PRECIPITATION', 'sep', '11']"
245,14,"['2011', 'w38']",2011,201138,2011-09-17,9,21.2447719573975,"['TEMPERATURE', 'sep', '11']",293.925140380859,"['PRECIPITATION', 'sep', '11']"
246,14,"['2011', 'w39']",2011,201139,2011-09-24,9,21.2447719573975,"['TEMPERATURE', 'sep', '11']",293.925140380859,"['PRECIPITATION', 'sep', '11']"
247,7,"['2011', 'w40']",2011,201140,2011-10-01,10,20.200500011444106,"['TEMPERATURE', 'oct', '11']",406.02197265625,"['PRECIPITATION', 'oct', '11']"
248,14,"['2011', 'w41']",2011,201141,2011-10-08,10,20.200500011444106,"['TEMPERATURE', 'oct', '11']",406.02197265625,"['PRECIPITATION', 'oct', '11']"
249,12,"['2011', 'w42']",2011,201142,2011-10-15,10,20.200500011444106,"['TEMPERATURE', 'oct', '11']",406.02197265625,"['PRECIPITATION', 'oct', '11']"
250,9,"['2011', 'w43']",2011,201143,2011-10-22,10,20.200500011444106,"['TEMPERATURE', 'oct', '11']",406.02197265625,"['PRECIPITATION', 'oct', '11']"
251,12,"['2011', 'w44']",2011,201144,2011-10-29,10,20.200500011444106,"['TEMPERATURE', 'oct', '11']",406.02197265625,"['PRECIPITATION', 'oct', '11']"
252,6,"['2011', 'w45']",2011,201145,2011-11-05,11,20.454237461090106,"['TEMPERATURE', 'nov', '11']",321.28070068359403,"['PRECIPITATION', 'nov', '11']"
253,7,"['2011', 'w46']",2011,201146,2011-11-12,11,20.454237461090106,"['TEMPERATURE', 'nov', '11']",321.28070068359403,"['PRECIPITATION', 'nov', '11']"
254,11,"['2011', 'w47']",2011,201147,2011-11-19,11,20.454237461090106,"['TEMPERATURE', 'nov', '11']",321.28070068359403,"['PRECIPITATION', 'nov', '11']"
255,9,"['2011', 'w48']",2011,201148,2011-11-26,11,20.454237461090106,"['TEMPERATURE', 'nov', '11']",321.28070068359403,"['PRECIPITATION', 'nov', '11']"
256,14,"['2011', 'w49']",2011,201149,2011-12-03,12,20.7363538742065,"['TEMPERATURE', 'dec', '11']",301.515167236328,"['PRECIPITATION', 'dec', '11']"
257,14,"['2011', 'w50']",2011,201150,2011-12-10,12,20.7363538742065,"['TEMPERATURE', 'dec', '11']",301.515167236328,"['PRECIPITATION', 'dec', '11']"
258,17,"['2011', 'w51']",2011,201151,2011-12-17,12,20.7363538742065,"['TEMPERATURE', 'dec', '11']",301.515167236328,"['PRECIPITATION', 'dec', '11']"
259,22,"['2011', 'w52']",2011,201152,2011-12-24,12,20.7363538742065,"['TEMPERATURE', 'dec', '11']",301.515167236328,"['PRECIPITATION', 'dec', '11']"
260,16,"['2012', 'w01']",2012,201201,2012-01-07,1,21.2887105941772,"['TEMPERATURE', 'jan', '12']",143.996337890625,"['PRECIPITATION', 'jan', '12']"
261,14,"['2012', 'w02']",2012,201202,2012-01-07,1,21.2887105941772,"['TEMPERATURE', 'jan', '12']",143.996337890625,"['PRECIPITATION', 'jan', '12']"
262,18,"['2012', 'w03']",2012,201203,2012-01-14,1,21.2887105941772,"['TEMPERATURE', 'jan', '12']",143.996337890625,"['PRECIPITATION', 'jan', '12']"
263,12,"['2012', 'w04']",2012,201204,2012-01-21,1,21.2887105941772,"['TEMPERATURE', 'jan', '12']",143.996337890625,"['PRECIPITATION', 'jan', '12']"
264,13,"['2012', 'w05']",2012,201205,2012-01-28,1,21.2887105941772,"['TEMPERATURE', 'jan', '12']",143.996337890625,"['PRECIPITATION', 'jan', '12']"
265,8,"['2012', 'w06']",2012,201206,2012-02-04,2,20.8284120559692,"['TEMPERATURE', 'feb', '12']",84.4484786987305,"['PRECIPITATION', 'feb', '12']"
266,4,"['2012', 'w07']",2012,201207,2012-02-11,2,20.8284120559692,"['TEMPERATURE', 'feb', '12']",84.4484786987305,"['PRECIPITATION', 'feb', '12']"
267,12,"['2012', 'w08']",2012,201208,2012-02-18,2,20.8284120559692,"['TEMPERATURE', 'feb', '12']",84.4484786987305,"['PRECIPITATION', 'feb', '12']"
268,15,"['2012', 'w09']",2012,201209,2012-02-25,2,20.8284120559692,"['TEMPERATURE', 'feb', '12']",84.4484786987305,"['PRECIPITATION', 'feb', '12']"
269,14,"['2012', 'w10']",2012,201210,2012-03-03,3,21.272264480590803,"['TEMPERATURE', 'mar', '12']",182.468307495117,"['PRECIPITATION', 'mar', '12']"
270,16,"['2012', 'w11']",2012,201211,2012-03-10,3,21.272264480590803,"['TEMPERATURE', 'mar', '12']",182.468307495117,"['PRECIPITATION', 'mar', '12']"
271,13,"['2012', 'w12']",2012,201212,2012-03-17,3,21.272264480590803,"['TEMPERATURE', 'mar', '12']",182.468307495117,"['PRECIPITATION', 'mar', '12']"
272,8,"['2012', 'w13']",2012,201213,2012-03-24,3,21.272264480590803,"['TEMPERATURE', 'mar', '12']",182.468307495117,"['PRECIPITATION', 'mar', '12']"
273,18,"['2012', 'w14']",2012,201214,2012-03-31,3,21.272264480590803,"['TEMPERATURE', 'mar', '12']",182.468307495117,"['PRECIPITATION', 'mar', '12']"
274,10,"['2012', 'w15']",2012,201215,2012-04-07,4,20.9953641891479,"['TEMPERATURE', 'apr', '12']",333.66424560546903,"['PRECIPITATION', 'apr', '12']"
275,9,"['2012', 'w16']",2012,201216,2012-04-14,4,20.9953641891479,"['TEMPERATURE', 'apr', '12']",333.66424560546903,"['PRECIPITATION', 'apr', '12']"
276,10,"['2012', 'w17']",2012,201217,2012-04-21,4,20.9953641891479,"['TEMPERATURE', 'apr', '12']",333.66424560546903,"['PRECIPITATION', 'apr', '12']"
277,10,"['2012', 'w18']",2012,201218,2012-04-28,4,20.9953641891479,"['TEMPERATURE', 'apr', '12']",333.66424560546903,"['PRECIPITATION', 'apr', '12']"
278,15,"['2012', 'w19']",2012,201219,2012-05-05,5,21.537712097168,"['TEMPERATURE', 'may', '12']",231.788162231445,"['PRECIPITATION', 'may', '12']"
279,13,"['2012', 'w20']",2012,201220,2012-05-12,5,21.537712097168,"['TEMPERATURE', 'may', '12']",231.788162231445,"['PRECIPITATION', 'may', '12']"
280,9,"['2012', 'w21']",2012,201221,2012-05-19,5,21.537712097168,"['TEMPERATURE', 'may', '12']",231.788162231445,"['PRECIPITATION', 'may', '12']"
281,9,"['2012', 'w22']",2012,201222,2012-05-26,5,21.537712097168,"['TEMPERATURE', 'may', '12']",231.788162231445,"['PRECIPITATION', 'may', '12']"
282,19,"['2012', 'w23']",2012,201223,2012-06-02,6,21.759841918945302,"['TEMPERATURE', 'jun', '12']",155.533584594727,"['PRECIPITATION', 'jun', '12']"
283,8,"['2012', 'w24']",2012,201224,2012-06-09,6,21.759841918945302,"['TEMPERATURE', 'jun', '12']",155.533584594727,"['PRECIPITATION', 'jun', '12']"
284,15,"['2012', 'w25']",2012,201225,2012-06-16,6,21.759841918945302,"['TEMPERATURE', 'jun', '12']",155.533584594727,"['PRECIPITATION', 'jun', '12']"
285,13,"['2012', 'w26']",2012,201226,2012-06-23,6,21.759841918945302,"['TEMPERATURE', 'jun', '12']",155.533584594727,"['PRECIPITATION', 'jun', '12']"
286,13,"['2012', 'w27']",2012,201227,2012-06-30,6,21.759841918945302,"['TEMPERATURE', 'jun', '12']",155.533584594727,"['PRECIPITATION', 'jun', '12']"
287,13,"['2012', 'w28']",2012,201228,2012-07-07,7,22.0857629776001,"['TEMPERATURE', 'jul', '12']",157.200622558594,"['PRECIPITATION', 'jul', '12']"
288,13,"['2012', 'w29']",2012,201229,2012-07-14,7,22.0857629776001,"['TEMPERATURE', 'jul', '12']",157.200622558594,"['PRECIPITATION', 'jul', '12']"
289,15,"['2012', 'w30']",2012,201230,2012-07-21,7,22.0857629776001,"['TEMPERATURE', 'jul', '12']",157.200622558594,"['PRECIPITATION', 'jul', '12']"
290,12,"['2012', 'w31']",2012,201231,2012-07-28,7,22.0857629776001,"['TEMPERATURE', 'jul', '12']",157.200622558594,"['PRECIPITATION', 'jul', '12']"
291,13,"['2012', 'w32']",2012,201232,2012-08-04,8,21.765525817871104,"['TEMPERATURE', 'aug', '12']",197.43138122558602,"['PRECIPITATION', 'aug', '12']"
292,13,"['2012', 'w33']",2012,201233,2012-08-11,8,21.765525817871104,"['TEMPERATURE', 'aug', '12']",197.43138122558602,"['PRECIPITATION', 'aug', '12']"
293,17,"['2012', 'w34']",2012,201234,2012-08-18,8,21.765525817871104,"['TEMPERATURE', 'aug', '12']",197.43138122558602,"['PRECIPITATION', 'aug', '12']"
294,10,"['2012', 'w35']",2012,201235,2012-08-25,8,21.765525817871104,"['TEMPERATURE', 'aug', '12']",197.43138122558602,"['PRECIPITATION', 'aug', '12']"
295,24,"['2012', 'w36']",2012,201236,2012-09-01,9,21.631402969360398,"['TEMPERATURE', 'sep', '12']",156.63513183593798,"['PRECIPITATION', 'sep', '12']"
296,18,"['2012', 'w37']",2012,201237,2012-09-08,9,21.631402969360398,"['TEMPERATURE', 'sep', '12']",156.63513183593798,"['PRECIPITATION', 'sep', '12']"
297,18,"['2012', 'w38']",2012,201238,2012-09-15,9,21.631402969360398,"['TEMPERATURE', 'sep', '12']",156.63513183593798,"['PRECIPITATION', 'sep', '12']"
298,15,"['2012', 'w39']",2012,201239,2012-09-22,9,21.631402969360398,"['TEMPERATURE', 'sep', '12']",156.63513183593798,"['PRECIPITATION', 'sep', '12']"
299,16,"['2012', 'w40']",2012,201240,2012-09-29,9,21.631402969360398,"['TEMPERATURE', 'sep', '12']",156.63513183593798,"['PRECIPITATION', 'sep', '12']"
300,21,"['2012', 'w41']",2012,201241,2012-10-06,10,20.921941757202106,"['TEMPERATURE', 'oct', '12']",292.93170166015597,"['PRECIPITATION', 'oct', '12']"
301,22,"['2012', 'w42']",2012,201242,2012-10-13,10,20.921941757202106,"['TEMPERATURE', 'oct', '12']",292.93170166015597,"['PRECIPITATION', 'oct', '12']"
302,15,"['2012', 'w43']",2012,201243,2012-10-20,10,20.921941757202106,"['TEMPERATURE', 'oct', '12']",292.93170166015597,"['PRECIPITATION', 'oct', '12']"
303,14,"['2012', 'w44']",2012,201244,2012-10-27,10,20.921941757202106,"['TEMPERATURE', 'oct', '12']",292.93170166015597,"['PRECIPITATION', 'oct', '12']"
304,14,"['2012', 'w45']",2012,201245,2012-11-03,11,20.719168186187698,"['TEMPERATURE', 'nov', '12']",221.520599365234,"['PRECIPITATION', 'nov', '12']"
305,12,"['2012', 'w46']",2012,201246,2012-11-10,11,20.719168186187698,"['TEMPERATURE', 'nov', '12']",221.520599365234,"['PRECIPITATION', 'nov', '12']"
306,16,"['2012', 'w47']",2012,201247,2012-11-17,11,20.719168186187698,"['TEMPERATURE', 'nov', '12']",221.520599365234,"['PRECIPITATION', 'nov', '12']"
307,25,"['2012', 'w48']",2012,201248,2012-11-24,11,20.719168186187698,"['TEMPERATURE', 'nov', '12']",221.520599365234,"['PRECIPITATION', 'nov', '12']"
308,10,"['2012', 'w49']",2012,201249,2012-12-01,12,21.154495239257802,"['TEMPERATURE', 'dec', '12']",182.052536010742,"['PRECIPITATION', 'dec', '12']"
309,17,"['2012', 'w50']",2012,201250,2012-12-08,12,21.154495239257802,"['TEMPERATURE', 'dec', '12']",182.052536010742,"['PRECIPITATION', 'dec', '12']"
310,11,"['2012', 'w51']",2012,201251,2012-12-15,12,21.154495239257802,"['TEMPERATURE', 'dec', '12']",182.052536010742,"['PRECIPITATION', 'dec', '12']"
311,5,"['2012', 'w52']",2012,201252,2012-12-22,12,21.154495239257802,"['TEMPERATURE', 'dec', '12']",182.052536010742,"['PRECIPITATION', 'dec', '12']"
312,29,"['2013', 'w01']",2013,201301,2013-01-05,1,21.5749959945679,"['TEMPERATURE', 'jan', '13']",46.715991973877,"['PRECIPITATION', 'jan', '13']"
313,46,"['2013', 'w02']",2013,201302,2013-01-12,1,21.5749959945679,"['TEMPERATURE', 'jan', '13']",46.715991973877,"['PRECIPITATION', 'jan', '13']"
314,31,"['2013', 'w03']",2013,201303,2013-01-19,1,21.5749959945679,"['TEMPERATURE', 'jan', '13']",46.715991973877,"['PRECIPITATION', 'jan', '13']"
315,37,"['2013', 'w04']",2013,201304,2013-01-26,1,21.5749959945679,"['TEMPERATURE', 'jan', '13']",46.715991973877,"['PRECIPITATION', 'jan', '13']"
316,41,"['2013', 'w05']",2013,201305,2013-02-02,2,21.4290189743042,"['TEMPERATURE', 'feb', '13']",178.486541748047,"['PRECIPITATION', 'feb', '13']"
317,41,"['2013', 'w06']",2013,201306,2013-02-09,2,21.4290189743042,"['TEMPERATURE', 'feb', '13']",178.486541748047,"['PRECIPITATION', 'feb', '13']"
318,32,"['2013', 'w07']",2013,201307,2013-02-16,2,21.4290189743042,"['TEMPERATURE', 'feb', '13']",178.486541748047,"['PRECIPITATION', 'feb', '13']"
319,39,"['2013', 'w08']",2013,201308,2013-02-23,2,21.4290189743042,"['TEMPERATURE', 'feb', '13']",178.486541748047,"['PRECIPITATION', 'feb', '13']"
320,50,"['2013', 'w09']",2013,201309,2013-03-02,3,22.172872543335,"['TEMPERATURE', 'mar', '13']",158.601638793945,"['PRECIPITATION', 'mar', '13']"
321,43,"['2013', 'w10']",2013,201310,2013-03-09,3,22.172872543335,"['TEMPERATURE', 'mar', '13']",158.601638793945,"['PRECIPITATION', 'mar', '13']"
322,46,"['2013', 'w11']",2013,201311,2013-03-16,3,22.172872543335,"['TEMPERATURE', 'mar', '13']",158.601638793945,"['PRECIPITATION', 'mar', '13']"
323,52,"['2013', 'w12']",2013,201312,2013-03-23,3,22.172872543335,"['TEMPERATURE', 'mar', '13']",158.601638793945,"['PRECIPITATION', 'mar', '13']"
324,38,"['2013', 'w13']",2013,201313,2013-03-30,3,22.172872543335,"['TEMPERATURE', 'mar', '13']",158.601638793945,"['PRECIPITATION', 'mar', '13']"
325,58,"['2013', 'w14']",2013,201314,2013-04-06,4,22.022708892822298,"['TEMPERATURE', 'apr', '13']",183.155517578125,"['PRECIPITATION', 'apr', '13']"
326,59,"['2013', 'w15']",2013,201315,2013-04-13,4,22.022708892822298,"['TEMPERATURE', 'apr', '13']",183.155517578125,"['PRECIPITATION', 'apr', '13']"
327,53,"['2013', 'w16']",2013,201316,2013-04-20,4,22.022708892822298,"['TEMPERATURE', 'apr', '13']",183.155517578125,"['PRECIPITATION', 'apr', '13']"
328,48,"['2013', 'w17']",2013,201317,2013-04-27,4,22.022708892822298,"['TEMPERATURE', 'apr', '13']",183.155517578125,"['PRECIPITATION', 'apr', '13']"
329,45,"['2013', 'w18']",2013,201318,2013-05-04,5,21.401948928833,"['TEMPERATURE', 'may', '13']",355.801361083984,"['PRECIPITATION', 'may', '13']"
330,41,"['2013', 'w19']",2013,201319,2013-05-11,5,21.401948928833,"['TEMPERATURE', 'may', '13']",355.801361083984,"['PRECIPITATION', 'may', '13']"
331,62,"['2013', 'w20']",2013,201320,2013-05-18,5,21.401948928833,"['TEMPERATURE', 'may', '13']",355.801361083984,"['PRECIPITATION', 'may', '13']"
332,46,"['2013', 'w21']",2013,201321,2013-05-25,5,21.401948928833,"['TEMPERATURE', 'may', '13']",355.801361083984,"['PRECIPITATION', 'may', '13']"
333,60,"['2013', 'w22']",2013,201322,2013-06-01,6,21.775293350219695,"['TEMPERATURE', 'jun', '13']",179.532989501953,"['PRECIPITATION', 'jun', '13']"
334,61,"['2013', 'w23']",2013,201323,2013-06-08,6,21.775293350219695,"['TEMPERATURE', 'jun', '13']",179.532989501953,"['PRECIPITATION', 'jun', '13']"
335,66,"['2013', 'w24']",2013,201324,2013-06-15,6,21.775293350219695,"['TEMPERATURE', 'jun', '13']",179.532989501953,"['PRECIPITATION', 'jun', '13']"
336,68,"['2013', 'w25']",2013,201325,2013-06-22,6,21.775293350219695,"['TEMPERATURE', 'jun', '13']",179.532989501953,"['PRECIPITATION', 'jun', '13']"
337,46,"['2013', 'w26']",2013,201326,2013-06-29,6,21.775293350219695,"['TEMPERATURE', 'jun', '13']",179.532989501953,"['PRECIPITATION', 'jun', '13']"
338,51,"['2013', 'w27']",2013,201327,2013-07-06,7,21.983678817749,"['TEMPERATURE', 'jul', '13']",78.5418167114258,"['PRECIPITATION', 'jul', '13']"
339,63,"['2013', 'w28']",2013,201328,2013-07-13,7,21.983678817749,"['TEMPERATURE', 'jul', '13']",78.5418167114258,"['PRECIPITATION', 'jul', '13']"
340,45,"['2013', 'w29']",2013,201329,2013-07-20,7,21.983678817749,"['TEMPERATURE', 'jul', '13']",78.5418167114258,"['PRECIPITATION', 'jul', '13']"
341,46,"['2013', 'w30']",2013,201330,2013-07-27,7,21.983678817749,"['TEMPERATURE', 'jul', '13']",78.5418167114258,"['PRECIPITATION', 'jul', '13']"
342,30,"['2013', 'w31']",2013,201331,2013-08-03,8,21.6003341674805,"['TEMPERATURE', 'aug', '13']",294.576141357422,"['PRECIPITATION', 'aug', '13']"
343,41,"['2013', 'w32']",2013,201332,2013-08-10,8,21.6003341674805,"['TEMPERATURE', 'aug', '13']",294.576141357422,"['PRECIPITATION', 'aug', '13']"
344,44,"['2013', 'w33']",2013,201333,2013-08-17,8,21.6003341674805,"['TEMPERATURE', 'aug', '13']",294.576141357422,"['PRECIPITATION', 'aug', '13']"
345,54,"['2013', 'w34']",2013,201334,2013-08-24,8,21.6003341674805,"['TEMPERATURE', 'aug', '13']",294.576141357422,"['PRECIPITATION', 'aug', '13']"
346,36,"['2013', 'w35']",2013,201335,2013-08-31,8,21.6003341674805,"['TEMPERATURE', 'aug', '13']",294.576141357422,"['PRECIPITATION', 'aug', '13']"
347,40,"['2013', 'w36']",2013,201336,2013-09-07,9,21.3465943336487,"['TEMPERATURE', 'sep', '13']",216.358505249023,"['PRECIPITATION', 'sep', '13']"
348,34,"['2013', 'w37']",2013,201337,2013-09-14,9,21.3465943336487,"['TEMPERATURE', 'sep', '13']",216.358505249023,"['PRECIPITATION', 'sep', '13']"
349,39,"['2013', 'w38']",2013,201338,2013-09-21,9,21.3465943336487,"['TEMPERATURE', 'sep', '13']",216.358505249023,"['PRECIPITATION', 'sep', '13']"
350,41,"['2013', 'w39']",2013,201339,2013-09-28,9,21.3465943336487,"['TEMPERATURE', 'sep', '13']",216.358505249023,"['PRECIPITATION', 'sep', '13']"
351,43,"['2013', 'w40']",2013,201340,2013-10-05,10,21.063607692718502,"['TEMPERATURE', 'oct', '13']",264.086547851562,"['PRECIPITATION', 'oct', '13']"
352,42,"['2013', 'w41']",2013,201341,2013-10-12,10,21.063607692718502,"['TEMPERATURE', 'oct', '13']",264.086547851562,"['PRECIPITATION', 'oct', '13']"
353,48,"['2013', 'w42']",2013,201342,2013-10-19,10,21.063607692718502,"['TEMPERATURE', 'oct', '13']",264.086547851562,"['PRECIPITATION', 'oct', '13']"
354,48,"['2013', 'w43']",2013,201343,2013-10-26,10,21.063607692718502,"['TEMPERATURE', 'oct', '13']",264.086547851562,"['PRECIPITATION', 'oct', '13']"
355,40,"['2013', 'w44']",2013,201344,2013-11-02,11,20.767346382141106,"['TEMPERATURE', 'nov', '13']",274.007232666016,"['PRECIPITATION', 'nov', '13']"
356,48,"['2013', 'w45']",2013,201345,2013-11-09,11,20.767346382141106,"['TEMPERATURE', 'nov', '13']",274.007232666016,"['PRECIPITATION', 'nov', '13']"
357,37,"['2013', 'w46']",2013,201346,2013-11-16,11,20.767346382141106,"['TEMPERATURE', 'nov', '13']",274.007232666016,"['PRECIPITATION', 'nov', '13']"
358,46,"['2013', 'w47']",2013,201347,2013-11-23,11,20.767346382141106,"['TEMPERATURE', 'nov', '13']",274.007232666016,"['PRECIPITATION', 'nov', '13']"
359,41,"['2013', 'w48']",2013,201348,2013-11-30,11,20.767346382141106,"['TEMPERATURE', 'nov', '13']",274.007232666016,"['PRECIPITATION', 'nov', '13']"
360,38,"['2013', 'w49']",2013,201349,2013-12-07,12,20.901544570922894,"['TEMPERATURE', 'dec', '13']",182.51257324218798,"['PRECIPITATION', 'dec', '13']"
361,48,"['2013', 'w50']",2013,201350,2013-12-14,12,20.901544570922894,"['TEMPERATURE', 'dec', '13']",182.51257324218798,"['PRECIPITATION', 'dec', '13']"
362,38,"['2013', 'w51']",2013,201351,2013-12-21,12,20.901544570922894,"['TEMPERATURE', 'dec', '13']",182.51257324218798,"['PRECIPITATION', 'dec', '13']"
363,23,"['2013', 'w52']",2013,201352,2013-12-28,12,20.901544570922894,"['TEMPERATURE', 'dec', '13']",182.51257324218798,"['PRECIPITATION', 'dec', '13']"
364,49,"['2014', 'w01']",2014,201401,2014-01-04,1,21.478293895721396,"['TEMPERATURE', 'jan', '14']",98.91336059570308,"['PRECIPITATION', 'jan', '14']"
365,57,"['2014', 'w02']",2014,201402,2014-01-11,1,21.478293895721396,"['TEMPERATURE', 'jan', '14']",98.91336059570308,"['PRECIPITATION', 'jan', '14']"
366,61,"['2014', 'w03']",2014,201403,2014-01-18,1,21.478293895721396,"['TEMPERATURE', 'jan', '14']",98.91336059570308,"['PRECIPITATION', 'jan', '14']"
367,59,"['2014', 'w04']",2014,201404,2014-01-25,1,21.478293895721396,"['TEMPERATURE', 'jan', '14']",98.91336059570308,"['PRECIPITATION', 'jan', '14']"
368,39,"['2014', 'w05']",2014,201405,2014-02-01,2,21.511484146118196,"['TEMPERATURE', 'feb', '14']",123.72072601318399,"['PRECIPITATION', 'feb', '14']"
369,38,"['2014', 'w06']",2014,201406,2014-02-08,2,21.511484146118196,"['TEMPERATURE', 'feb', '14']",123.72072601318399,"['PRECIPITATION', 'feb', '14']"
370,40,"['2014', 'w07']",2014,201407,2014-02-15,2,21.511484146118196,"['TEMPERATURE', 'feb', '14']",123.72072601318399,"['PRECIPITATION', 'feb', '14']"
371,33,"['2014', 'w08']",2014,201408,2014-02-22,2,21.511484146118196,"['TEMPERATURE', 'feb', '14']",123.72072601318399,"['PRECIPITATION', 'feb', '14']"
372,30,"['2014', 'w09']",2014,201409,2014-03-01,3,21.9053373336792,"['TEMPERATURE', 'mar', '14']",172.762939453125,"['PRECIPITATION', 'mar', '14']"
373,25,"['2014', 'w10']",2014,201410,2014-03-08,3,21.9053373336792,"['TEMPERATURE', 'mar', '14']",172.762939453125,"['PRECIPITATION', 'mar', '14']"
374,37,"['2014', 'w11']",2014,201411,2014-03-15,3,21.9053373336792,"['TEMPERATURE', 'mar', '14']",172.762939453125,"['PRECIPITATION', 'mar', '14']"
375,32,"['2014', 'w12']",2014,201412,2014-03-22,3,21.9053373336792,"['TEMPERATURE', 'mar', '14']",172.762939453125,"['PRECIPITATION', 'mar', '14']"
376,29,"['2014', 'w13']",2014,201413,2014-03-29,3,21.9053373336792,"['TEMPERATURE', 'mar', '14']",172.762939453125,"['PRECIPITATION', 'mar', '14']"
377,34,"['2014', 'w14']",2014,201414,2014-04-05,4,22.090331077575694,"['TEMPERATURE', 'apr', '14']",232.784515380859,"['PRECIPITATION', 'apr', '14']"
378,32,"['2014', 'w15']",2014,201415,2014-04-12,4,22.090331077575694,"['TEMPERATURE', 'apr', '14']",232.784515380859,"['PRECIPITATION', 'apr', '14']"
379,27,"['2014', 'w16']",2014,201416,2014-04-19,4,22.090331077575694,"['TEMPERATURE', 'apr', '14']",232.784515380859,"['PRECIPITATION', 'apr', '14']"
380,43,"['2014', 'w17']",2014,201417,2014-04-26,4,22.090331077575694,"['TEMPERATURE', 'apr', '14']",232.784515380859,"['PRECIPITATION', 'apr', '14']"
381,44,"['2014', 'w18']",2014,201418,2014-05-03,5,21.4379730224609,"['TEMPERATURE', 'may', '14']",265.826416015625,"['PRECIPITATION', 'may', '14']"
382,35,"['2014', 'w19']",2014,201419,2014-05-10,5,21.4379730224609,"['TEMPERATURE', 'may', '14']",265.826416015625,"['PRECIPITATION', 'may', '14']"
383,29,"['2014', 'w20']",2014,201420,2014-05-17,5,21.4379730224609,"['TEMPERATURE', 'may', '14']",265.826416015625,"['PRECIPITATION', 'may', '14']"
384,29,"['2014', 'w21']",2014,201421,2014-05-24,5,21.4379730224609,"['TEMPERATURE', 'may', '14']",265.826416015625,"['PRECIPITATION', 'may', '14']"
385,28,"['2014', 'w22']",2014,201422,2014-05-31,5,21.4379730224609,"['TEMPERATURE', 'may', '14']",265.826416015625,"['PRECIPITATION', 'may', '14']"
386,45,"['2014', 'w23']",2014,201423,2014-06-07,6,22.060449600219695,"['TEMPERATURE', 'jun', '14']",168.794586181641,"['PRECIPITATION', 'jun', '14']"
387,44,"['2014', 'w24']",2014,201424,2014-06-14,6,22.060449600219695,"['TEMPERATURE', 'jun', '14']",168.794586181641,"['PRECIPITATION', 'jun', '14']"
388,31,"['2014', 'w25']",2014,201425,2014-06-21,6,22.060449600219695,"['TEMPERATURE', 'jun', '14']",168.794586181641,"['PRECIPITATION', 'jun', '14']"
389,44,"['2014', 'w26']",2014,201426,2014-06-28,6,22.060449600219695,"['TEMPERATURE', 'jun', '14']",168.794586181641,"['PRECIPITATION', 'jun', '14']"
390,77,"['2014', 'w27']",2014,201427,2014-07-05,7,22.637585639953603,"['TEMPERATURE', 'jul', '14']",92.5449447631836,"['PRECIPITATION', 'jul', '14']"
391,56,"['2014', 'w28']",2014,201428,2014-07-12,7,22.637585639953603,"['TEMPERATURE', 'jul', '14']",92.5449447631836,"['PRECIPITATION', 'jul', '14']"
392,69,"['2014', 'w29']",2014,201429,2014-07-19,7,22.637585639953603,"['TEMPERATURE', 'jul', '14']",92.5449447631836,"['PRECIPITATION', 'jul', '14']"
393,76,"['2014', 'w30']",2014,201430,2014-07-26,7,22.637585639953603,"['TEMPERATURE', 'jul', '14']",92.5449447631836,"['PRECIPITATION', 'jul', '14']"
394,112,"['2014', 'w31']",2014,201431,2014-08-02,8,22.0667409896851,"['TEMPERATURE', 'aug', '14']",175.208908081055,"['PRECIPITATION', 'aug', '14']"
395,97,"['2014', 'w32']",2014,201432,2014-08-09,8,22.0667409896851,"['TEMPERATURE', 'aug', '14']",175.208908081055,"['PRECIPITATION', 'aug', '14']"
396,98,"['2014', 'w33']",2014,201433,2014-08-16,8,22.0667409896851,"['TEMPERATURE', 'aug', '14']",175.208908081055,"['PRECIPITATION', 'aug', '14']"
397,82,"['2014', 'w34']",2014,201434,2014-08-23,8,22.0667409896851,"['TEMPERATURE', 'aug', '14']",175.208908081055,"['PRECIPITATION', 'aug', '14']"
398,88,"['2014', 'w35']",2014,201435,2014-08-30,8,22.0667409896851,"['TEMPERATURE', 'aug', '14']",175.208908081055,"['PRECIPITATION', 'aug', '14']"
399,126,"['2014', 'w36']",2014,201436,2014-09-06,9,21.629320144653306,"['TEMPERATURE', 'sep', '14']",226.819976806641,"['PRECIPITATION', 'sep', '14']"
400,123,"['2014', 'w37']",2014,201437,2014-09-13,9,21.629320144653306,"['TEMPERATURE', 'sep', '14']",226.819976806641,"['PRECIPITATION', 'sep', '14']"
401,117,"['2014', 'w38']",2014,201438,2014-09-20,9,21.629320144653306,"['TEMPERATURE', 'sep', '14']",226.819976806641,"['PRECIPITATION', 'sep', '14']"
402,112,"['2014', 'w39']",2014,201439,2014-09-27,9,21.629320144653306,"['TEMPERATURE', 'sep', '14']",226.819976806641,"['PRECIPITATION', 'sep', '14']"
403,96,"['2014', 'w40']",2014,201440,2014-10-04,10,20.988000869751,"['TEMPERATURE', 'oct', '14']",269.6015625,"['PRECIPITATION', 'oct', '14']"
404,95,"['2014', 'w41']",2014,201441,2014-10-11,10,20.988000869751,"['TEMPERATURE', 'oct', '14']",269.6015625,"['PRECIPITATION', 'oct', '14']"
405,68,"['2014', 'w42']",2014,201442,2014-10-18,10,20.988000869751,"['TEMPERATURE', 'oct', '14']",269.6015625,"['PRECIPITATION', 'oct', '14']"
406,89,"['2014', 'w43']",2014,201443,2014-10-25,10,20.988000869751,"['TEMPERATURE', 'oct', '14']",269.6015625,"['PRECIPITATION', 'oct', '14']"
407,76,"['2014', 'w44']",2014,201444,2014-11-01,11,21.0688219070435,"['TEMPERATURE', 'nov', '14']",274.82501220703097,"['PRECIPITATION', 'nov', '14']"
408,68,"['2014', 'w45']",2014,201445,2014-11-08,11,21.0688219070435,"['TEMPERATURE', 'nov', '14']",274.82501220703097,"['PRECIPITATION', 'nov', '14']"
409,68,"['2014', 'w46']",2014,201446,2014-11-15,11,21.0688219070435,"['TEMPERATURE', 'nov', '14']",274.82501220703097,"['PRECIPITATION', 'nov', '14']"
410,57,"['2014', 'w47']",2014,201447,2014-11-22,11,21.0688219070435,"['TEMPERATURE', 'nov', '14']",274.82501220703097,"['PRECIPITATION', 'nov', '14']"
411,44,"['2014', 'w48']",2014,201448,2014-11-29,11,21.0688219070435,"['TEMPERATURE', 'nov', '14']",274.82501220703097,"['PRECIPITATION', 'nov', '14']"
412,74,"['2014', 'w49']",2014,201449,2014-12-06,12,21.3217697143555,"['TEMPERATURE', 'dec', '14']",171.785781860352,"['PRECIPITATION', 'dec', '14']"
413,61,"['2014', 'w50']",2014,201450,2014-12-13,12,21.3217697143555,"['TEMPERATURE', 'dec', '14']",171.785781860352,"['PRECIPITATION', 'dec', '14']"
414,75,"['2014', 'w51']",2014,201451,2014-12-20,12,21.3217697143555,"['TEMPERATURE', 'dec', '14']",171.785781860352,"['PRECIPITATION', 'dec', '14']"
415,63,"['2014', 'w52']",2014,201452,2014-12-27,12,21.3217697143555,"['TEMPERATURE', 'dec', '14']",171.785781860352,"['PRECIPITATION', 'dec', '14']"
416,104,"['2015', 'w01']",2015,201501,2015-01-03,1,21.5782942771912,"['TEMPERATURE', 'jan', '15']",101.824607849121,"['PRECIPITATION', 'jan', '15']"
417,75,"['2015', 'w02']",2015,201502,2015-01-10,1,21.5782942771912,"['TEMPERATURE', 'jan', '15']",101.824607849121,"['PRECIPITATION', 'jan', '15']"
418,58,"['2015', 'w03']",2015,201503,2015-01-17,1,21.5782942771912,"['TEMPERATURE', 'jan', '15']",101.824607849121,"['PRECIPITATION', 'jan', '15']"
419,49,"['2015', 'w04']",2015,201504,2015-01-24,1,21.5782942771912,"['TEMPERATURE', 'jan', '15']",101.824607849121,"['PRECIPITATION', 'jan', '15']"
420,55,"['2015', 'w05']",2015,201505,2015-01-31,1,21.5782942771912,"['TEMPERATURE', 'jan', '15']",101.824607849121,"['PRECIPITATION', 'jan', '15']"
421,37,"['2015', 'w06']",2015,201506,2015-02-07,2,21.960876464843803,"['TEMPERATURE', 'feb', '15']",90.6879196166992,"['PRECIPITATION', 'feb', '15']"
422,40,"['2015', 'w07']",2015,201507,2015-02-14,2,21.960876464843803,"['TEMPERATURE', 'feb', '15']",90.6879196166992,"['PRECIPITATION', 'feb', '15']"
423,31,"['2015', 'w08']",2015,201508,2015-02-21,2,21.960876464843803,"['TEMPERATURE', 'feb', '15']",90.6879196166992,"['PRECIPITATION', 'feb', '15']"
424,45,"['2015', 'w09']",2015,201509,2015-02-28,2,21.960876464843803,"['TEMPERATURE', 'feb', '15']",90.6879196166992,"['PRECIPITATION', 'feb', '15']"
425,27,"['2015', 'w10']",2015,201510,2015-03-07,3,21.7053375244141,"['TEMPERATURE', 'mar', '15']",189.173370361328,"['PRECIPITATION', 'mar', '15']"
426,34,"['2015', 'w11']",2015,201511,2015-03-14,3,21.7053375244141,"['TEMPERATURE', 'mar', '15']",189.173370361328,"['PRECIPITATION', 'mar', '15']"
427,36,"['2015', 'w12']",2015,201512,2015-03-21,3,21.7053375244141,"['TEMPERATURE', 'mar', '15']",189.173370361328,"['PRECIPITATION', 'mar', '15']"
428,31,"['2015', 'w13']",2015,201513,2015-03-28,3,21.7053375244141,"['TEMPERATURE', 'mar', '15']",189.173370361328,"['PRECIPITATION', 'mar', '15']"
429,34,"['2015', 'w14']",2015,201514,2015-04-04,4,21.889722824096694,"['TEMPERATURE', 'apr', '15']",192.881774902344,"['PRECIPITATION', 'apr', '15']"
430,31,"['2015', 'w15']",2015,201515,2015-04-11,4,21.889722824096694,"['TEMPERATURE', 'apr', '15']",192.881774902344,"['PRECIPITATION', 'apr', '15']"
431,19,"['2015', 'w16']",2015,201516,2015-04-18,4,21.889722824096694,"['TEMPERATURE', 'apr', '15']",192.881774902344,"['PRECIPITATION', 'apr', '15']"
432,16,"['2015', 'w17']",2015,201517,2015-04-25,4,21.889722824096694,"['TEMPERATURE', 'apr', '15']",192.881774902344,"['PRECIPITATION', 'apr', '15']"
433,30,"['2015', 'w18']",2015,201518,2015-05-02,5,21.9558544158936,"['TEMPERATURE', 'may', '15']",174.196670532227,"['PRECIPITATION', 'may', '15']"
434,28,"['2015', 'w19']",2015,201519,2015-05-09,5,21.9558544158936,"['TEMPERATURE', 'may', '15']",174.196670532227,"['PRECIPITATION', 'may', '15']"
435,30,"['2015', 'w20']",2015,201520,2015-05-16,5,21.9558544158936,"['TEMPERATURE', 'may', '15']",174.196670532227,"['PRECIPITATION', 'may', '15']"
436,24,"['2015', 'w21']",2015,201521,2015-05-23,5,21.9558544158936,"['TEMPERATURE', 'may', '15']",174.196670532227,"['PRECIPITATION', 'may', '15']"
437,26,"['2015', 'w22']",2015,201522,2015-05-30,5,21.9558544158936,"['TEMPERATURE', 'may', '15']",174.196670532227,"['PRECIPITATION', 'may', '15']"
438,45,"['2015', 'w23']",2015,201523,2015-06-06,6,21.991092681884798,"['TEMPERATURE', 'jun', '15']",87.7343063354492,"['PRECIPITATION', 'jun', '15']"
439,57,"['2015', 'w24']",2015,201524,2015-06-13,6,21.991092681884798,"['TEMPERATURE', 'jun', '15']",87.7343063354492,"['PRECIPITATION', 'jun', '15']"
440,38,"['2015', 'w25']",2015,201525,2015-06-20,6,21.991092681884798,"['TEMPERATURE', 'jun', '15']",87.7343063354492,"['PRECIPITATION', 'jun', '15']"
441,69,"['2015', 'w26']",2015,201526,2015-06-27,6,21.991092681884798,"['TEMPERATURE', 'jun', '15']",87.7343063354492,"['PRECIPITATION', 'jun', '15']"
442,65,"['2015', 'w27']",2015,201527,2015-07-04,7,22.4197034835815,"['TEMPERATURE', 'jul', '15']",151.203384399414,"['PRECIPITATION', 'jul', '15']"
443,52,"['2015', 'w28']",2015,201528,2015-07-11,7,22.4197034835815,"['TEMPERATURE', 'jul', '15']",151.203384399414,"['PRECIPITATION', 'jul', '15']"
444,70,"['2015', 'w29']",2015,201529,2015-07-18,7,22.4197034835815,"['TEMPERATURE', 'jul', '15']",151.203384399414,"['PRECIPITATION', 'jul', '15']"
445,46,"['2015', 'w30']",2015,201530,2015-07-25,7,22.4197034835815,"['TEMPERATURE', 'jul', '15']",151.203384399414,"['PRECIPITATION', 'jul', '15']"
446,49,"['2015', 'w31']",2015,201531,2015-08-01,8,22.6625738143921,"['TEMPERATURE', 'aug', '15']",176.984466552734,"['PRECIPITATION', 'aug', '15']"
447,58,"['2015', 'w32']",2015,201532,2015-08-08,8,22.6625738143921,"['TEMPERATURE', 'aug', '15']",176.984466552734,"['PRECIPITATION', 'aug', '15']"
448,73,"['2015', 'w33']",2015,201533,2015-08-15,8,22.6625738143921,"['TEMPERATURE', 'aug', '15']",176.984466552734,"['PRECIPITATION', 'aug', '15']"
449,72,"['2015', 'w34']",2015,201534,2015-08-22,8,22.6625738143921,"['TEMPERATURE', 'aug', '15']",176.984466552734,"['PRECIPITATION', 'aug', '15']"
450,67,"['2015', 'w35']",2015,201535,2015-08-29,8,22.6625738143921,"['TEMPERATURE', 'aug', '15']",176.984466552734,"['PRECIPITATION', 'aug', '15']"
451,104,"['2015', 'w36']",2015,201536,2015-09-05,9,22.125761032104503,"['TEMPERATURE', 'sep', '15']",179.24195861816398,"['PRECIPITATION', 'sep', '15']"
452,105,"['2015', 'w37']",2015,201537,2015-09-12,9,22.125761032104503,"['TEMPERATURE', 'sep', '15']",179.24195861816398,"['PRECIPITATION', 'sep', '15']"
453,119,"['2015', 'w38']",2015,201538,2015-09-19,9,22.125761032104503,"['TEMPERATURE', 'sep', '15']",179.24195861816398,"['PRECIPITATION', 'sep', '15']"
454,118,"['2015', 'w39']",2015,201539,2015-09-26,9,22.125761032104503,"['TEMPERATURE', 'sep', '15']",179.24195861816398,"['PRECIPITATION', 'sep', '15']"
455,103,"['2015', 'w40']",2015,201540,2015-10-03,10,21.5502395629883,"['TEMPERATURE', 'oct', '15']",213.469482421875,"['PRECIPITATION', 'oct', '15']"
456,116,"['2015', 'w41']",2015,201541,2015-10-10,10,21.5502395629883,"['TEMPERATURE', 'oct', '15']",213.469482421875,"['PRECIPITATION', 'oct', '15']"
457,129,"['2015', 'w42']",2015,201542,2015-10-17,10,21.5502395629883,"['TEMPERATURE', 'oct', '15']",213.469482421875,"['PRECIPITATION', 'oct', '15']"
458,123,"['2015', 'w43']",2015,201543,2015-10-24,10,21.5502395629883,"['TEMPERATURE', 'oct', '15']",213.469482421875,"['PRECIPITATION', 'oct', '15']"
459,103,"['2015', 'w44']",2015,201544,2015-10-31,10,21.5502395629883,"['TEMPERATURE', 'oct', '15']",213.469482421875,"['PRECIPITATION', 'oct', '15']"
460,121,"['2015', 'w45']",2015,201545,2015-11-07,11,21.2006788253784,"['TEMPERATURE', 'nov', '15']",184.867233276367,"['PRECIPITATION', 'nov', '15']"
461,105,"['2015', 'w46']",2015,201546,2015-11-14,11,21.2006788253784,"['TEMPERATURE', 'nov', '15']",184.867233276367,"['PRECIPITATION', 'nov', '15']"
462,97,"['2015', 'w47']",2015,201547,2015-11-21,11,21.2006788253784,"['TEMPERATURE', 'nov', '15']",184.867233276367,"['PRECIPITATION', 'nov', '15']"
463,135,"['2015', 'w48']",2015,201548,2015-11-28,11,21.2006788253784,"['TEMPERATURE', 'nov', '15']",184.867233276367,"['PRECIPITATION', 'nov', '15']"
464,130,"['2015', 'w49']",2015,201549,2015-12-05,12,22.0834007263184,"['TEMPERATURE', 'dec', '15']",49.6360893249512,"['PRECIPITATION', 'dec', '15']"
465,147,"['2015', 'w50']",2015,201550,2015-12-12,12,22.0834007263184,"['TEMPERATURE', 'dec', '15']",49.6360893249512,"['PRECIPITATION', 'dec', '15']"
466,188,"['2015', 'w51']",2015,201551,2015-12-19,12,22.0834007263184,"['TEMPERATURE', 'dec', '15']",49.6360893249512,"['PRECIPITATION', 'dec', '15']"
467,221,"['2015', 'w52']",2015,201552,2015-12-26,12,22.0834007263184,"['TEMPERATURE', 'dec', '15']",49.6360893249512,"['PRECIPITATION', 'dec', '15']"
468,235,"['2016', 'w01']",2016,201601,2016-01-02,1,22.354769706726106,"['TEMPERATURE', 'jan', '16']",67.45059204101561,"['PRECIPITATION', 'jan', '16']"
469,274,"['2016', 'w02']",2016,201602,2016-01-09,1,22.354769706726106,"['TEMPERATURE', 'jan', '16']",67.45059204101561,"['PRECIPITATION', 'jan', '16']"
470,252,"['2016', 'w03']",2016,201603,2016-01-16,1,22.354769706726106,"['TEMPERATURE', 'jan', '16']",67.45059204101561,"['PRECIPITATION', 'jan', '16']"
471,262,"['2016', 'w04']",2016,201604,2016-01-23,1,22.354769706726106,"['TEMPERATURE', 'jan', '16']",67.45059204101561,"['PRECIPITATION', 'jan', '16']"
472,274,"['2016', 'w05']",2016,201605,2016-01-30,1,22.354769706726106,"['TEMPERATURE', 'jan', '16']",67.45059204101561,"['PRECIPITATION', 'jan', '16']"
473,266,"['2016', 'w06']",2016,201606,2016-02-06,2,22.6933422088623,"['TEMPERATURE', 'feb', '16']",46.29345703125,"['PRECIPITATION', 'feb', '16']"
474,234,"['2016', 'w07']",2016,201607,2016-02-13,2,22.6933422088623,"['TEMPERATURE', 'feb', '16']",46.29345703125,"['PRECIPITATION', 'feb', '16']"
475,258,"['2016', 'w08']",2016,201608,2016-02-20,2,22.6933422088623,"['TEMPERATURE', 'feb', '16']",46.29345703125,"['PRECIPITATION', 'feb', '16']"
476,272,"['2016', 'w09']",2016,201609,2016-02-27,2,22.6933422088623,"['TEMPERATURE', 'feb', '16']",46.29345703125,"['PRECIPITATION', 'feb', '16']"
477,189,"['2016', 'w10']",2016,201610,2016-03-05,3,22.0109806060791,"['TEMPERATURE', 'mar', '16']",126.497833251953,"['PRECIPITATION', 'mar', '16']"
478,237,"['2016', 'w11']",2016,201611,2016-03-12,3,22.0109806060791,"['TEMPERATURE', 'mar', '16']",126.497833251953,"['PRECIPITATION', 'mar', '16']"
479,272,"['2016', 'w12']",2016,201612,2016-03-19,3,22.0109806060791,"['TEMPERATURE', 'mar', '16']",126.497833251953,"['PRECIPITATION', 'mar', '16']"
480,342,"['2016', 'w13']",2016,201613,2016-03-26,3,22.0109806060791,"['TEMPERATURE', 'mar', '16']",126.497833251953,"['PRECIPITATION', 'mar', '16']"
481,303,"['2016', 'w14']",2016,201614,2016-04-02,4,22.4543056488037,"['TEMPERATURE', 'apr', '16']",249.590606689453,"['PRECIPITATION', 'apr', '16']"
482,372,"['2016', 'w15']",2016,201615,2016-04-09,4,22.4543056488037,"['TEMPERATURE', 'apr', '16']",249.590606689453,"['PRECIPITATION', 'apr', '16']"
483,353,"['2016', 'w16']",2016,201616,2016-04-16,4,22.4543056488037,"['TEMPERATURE', 'apr', '16']",249.590606689453,"['PRECIPITATION', 'apr', '16']"
484,343,"['2016', 'w17']",2016,201617,2016-04-23,4,22.4543056488037,"['TEMPERATURE', 'apr', '16']",249.590606689453,"['PRECIPITATION', 'apr', '16']"
485,417,"['2016', 'w18']",2016,201618,2016-04-30,4,22.4543056488037,"['TEMPERATURE', 'apr', '16']",249.590606689453,"['PRECIPITATION', 'apr', '16']"
486,447,"['2016', 'w19']",2016,201619,2016-05-07,5,22.202556610107397,"['TEMPERATURE', 'may', '16']",233.860794067383,"['PRECIPITATION', 'may', '16']"
487,464,"['2016', 'w20']",2016,201620,2016-05-14,5,22.202556610107397,"['TEMPERATURE', 'may', '16']",233.860794067383,"['PRECIPITATION', 'may', '16']"
488,467,"['2016', 'w21']",2016,201621,2016-05-21,5,22.202556610107397,"['TEMPERATURE', 'may', '16']",233.860794067383,"['PRECIPITATION', 'may', '16']"
489,474,"['2016', 'w22']",2016,201622,2016-05-28,5,22.202556610107397,"['TEMPERATURE', 'may', '16']",233.860794067383,"['PRECIPITATION', 'may', '16']"
490,515,"['2016', 'w23']",2016,201623,2016-06-04,6,22.1604499816895,"['TEMPERATURE', 'jun', '16']",118.415252685547,"['PRECIPITATION', 'jun', '16']"
491,527,"['2016', 'w24']",2016,201624,2016-06-11,6,22.1604499816895,"['TEMPERATURE', 'jun', '16']",118.415252685547,"['PRECIPITATION', 'jun', '16']"
492,527,"['2016', 'w25']",2016,201625,2016-06-18,6,22.1604499816895,"['TEMPERATURE', 'jun', '16']",118.415252685547,"['PRECIPITATION', 'jun', '16']"
493,514,"['2016', 'w26']",2016,201626,2016-06-25,6,22.1604499816895,"['TEMPERATURE', 'jun', '16']",118.415252685547,"['PRECIPITATION', 'jun', '16']"
494,592,"['2016', 'w27']",2016,201627,2016-07-02,7,22.1717872619629,"['TEMPERATURE', 'jul', '16']",177.19714355468795,"['PRECIPITATION', 'jul', '16']"
495,526,"['2016', 'w28']",2016,201628,2016-07-09,7,22.1717872619629,"['TEMPERATURE', 'jul', '16']",177.19714355468795,"['PRECIPITATION', 'jul', '16']"
496,461,"['2016', 'w29']",2016,201629,2016-07-16,7,22.1717872619629,"['TEMPERATURE', 'jul', '16']",177.19714355468795,"['PRECIPITATION', 'jul', '16']"
497,478,"['2016', 'w30']",2016,201630,2016-07-23,7,22.1717872619629,"['TEMPERATURE', 'jul', '16']",177.19714355468795,"['PRECIPITATION', 'jul', '16']"
498,501,"['2016', 'w31']",2016,201631,2016-07-30,7,22.1717872619629,"['TEMPERATURE', 'jul', '16']",177.19714355468795,"['PRECIPITATION', 'jul', '16']"
499,488,"['2016', 'w32']",2016,201632,2016-08-06,8,22.6003351211548,"['TEMPERATURE', 'aug', '16']",235.356658935547,"['PRECIPITATION', 'aug', '16']"
500,539,"['2016', 'w33']",2016,201633,2016-08-13,8,22.6003351211548,"['TEMPERATURE', 'aug', '16']",235.356658935547,"['PRECIPITATION', 'aug', '16']"
501,466,"['2016', 'w34']",2016,201634,2016-08-20,8,22.6003351211548,"['TEMPERATURE', 'aug', '16']",235.356658935547,"['PRECIPITATION', 'aug', '16']"
502,400,"['2016', 'w35']",2016,201635,2016-08-27,8,22.6003351211548,"['TEMPERATURE', 'aug', '16']",235.356658935547,"['PRECIPITATION', 'aug', '16']"
503,378,"['2016', 'w36']",2016,201636,2016-09-03,9,21.6453790664673,"['TEMPERATURE', 'sep', '16']",266.614624023438,"['PRECIPITATION', 'sep', '16']"
504,342,"['2016', 'w37']",2016,201637,2016-09-10,9,21.6453790664673,"['TEMPERATURE', 'sep', '16']",266.614624023438,"['PRECIPITATION', 'sep', '16']"
505,328,"['2016', 'w38']",2016,201638,2016-09-17,9,21.6453790664673,"['TEMPERATURE', 'sep', '16']",266.614624023438,"['PRECIPITATION', 'sep', '16']"
506,354,"['2016', 'w39']",2016,201639,2016-09-24,9,21.6453790664673,"['TEMPERATURE', 'sep', '16']",266.614624023438,"['PRECIPITATION', 'sep', '16']"
507,263,"['2016', 'w40']",2016,201640,2016-10-01,10,21.3013687133789,"['TEMPERATURE', 'oct', '16']",252.005187988281,"['PRECIPITATION', 'oct', '16']"
508,262,"['2016', 'w41']",2016,201641,2016-10-08,10,21.3013687133789,"['TEMPERATURE', 'oct', '16']",252.005187988281,"['PRECIPITATION', 'oct', '16']"
509,255,"['2016', 'w42']",2016,201642,2016-10-15,10,21.3013687133789,"['TEMPERATURE', 'oct', '16']",252.005187988281,"['PRECIPITATION', 'oct', '16']"
510,226,"['2016', 'w43']",2016,201643,2016-10-22,10,21.3013687133789,"['TEMPERATURE', 'oct', '16']",252.005187988281,"['PRECIPITATION', 'oct', '16']"
511,185,"['2016', 'w44']",2016,201644,2016-10-29,10,21.3013687133789,"['TEMPERATURE', 'oct', '16']",252.005187988281,"['PRECIPITATION', 'oct', '16']"
512,184,"['2016', 'w45']",2016,201645,2016-11-05,11,20.7652626037598,"['TEMPERATURE', 'nov', '16']",127.50354766845699,"['PRECIPITATION', 'nov', '16']"
513,192,"['2016', 'w46']",2016,201646,2016-11-12,11,20.7652626037598,"['TEMPERATURE', 'nov', '16']",127.50354766845699,"['PRECIPITATION', 'nov', '16']"
514,181,"['2016', 'w47']",2016,201647,2016-11-19,11,20.7652626037598,"['TEMPERATURE', 'nov', '16']",127.50354766845699,"['PRECIPITATION', 'nov', '16']"
515,143,"['2016', 'w48']",2016,201648,2016-11-26,11,20.7652626037598,"['TEMPERATURE', 'nov', '16']",127.50354766845699,"['PRECIPITATION', 'nov', '16']"
516,116,"['2016', 'w49']",2016,201649,2016-12-03,12,20.966388702392603,"['TEMPERATURE', 'dec', '16']",149.539245605469,"['PRECIPITATION', 'dec', '16']"
517,124,"['2016', 'w50']",2016,201650,2016-12-10,12,20.966388702392603,"['TEMPERATURE', 'dec', '16']",149.539245605469,"['PRECIPITATION', 'dec', '16']"
518,122,"['2016', 'w51']",2016,201651,2016-12-17,12,20.966388702392603,"['TEMPERATURE', 'dec', '16']",149.539245605469,"['PRECIPITATION', 'dec', '16']"
519,110,"['2016', 'w52']",2016,201652,2016-12-24,12,20.966388702392603,"['TEMPERATURE', 'dec', '16']",149.539245605469,"['PRECIPITATION', 'dec', '16']"
520,89,"['2017', 'w01']",2017,201701,2017-01-07,1,20.7753419876099,"['TEMPERATURE', 'jan', '17']",93.14260864257808,"['PRECIPITATION', 'jan', '17']"
521,99,"['2017', 'w02']",2017,201702,2017-01-07,1,20.7753419876099,"['TEMPERATURE', 'jan', '17']",93.14260864257808,"['PRECIPITATION', 'jan', '17']"
522,78,"['2017', 'w03']",2017,201703,2017-01-14,1,20.7753419876099,"['TEMPERATURE', 'jan', '17']",93.14260864257808,"['PRECIPITATION', 'jan', '17']"
523,69,"['2017', 'w04']",2017,201704,2017-01-21,1,20.7753419876099,"['TEMPERATURE', 'jan', '17']",93.14260864257808,"['PRECIPITATION', 'jan', '17']"
524,57,"['2017', 'w05']",2017,201705,2017-01-28,1,20.7753419876099,"['TEMPERATURE', 'jan', '17']",93.14260864257808,"['PRECIPITATION', 'jan', '17']"
525,52,"['2017', 'w06']",2017,201706,2017-02-04,2,21.256710529327396,"['TEMPERATURE', 'feb', '17']",111.02529907226601,"['PRECIPITATION', 'feb', '17']"
526,47,"['2017', 'w07']",2017,201707,2017-02-11,2,21.256710529327396,"['TEMPERATURE', 'feb', '17']",111.02529907226601,"['PRECIPITATION', 'feb', '17']"
527,51,"['2017', 'w08']",2017,201708,2017-02-18,2,21.256710529327396,"['TEMPERATURE', 'feb', '17']",111.02529907226601,"['PRECIPITATION', 'feb', '17']"
528,50,"['2017', 'w09']",2017,201709,2017-02-25,2,21.256710529327396,"['TEMPERATURE', 'feb', '17']",111.02529907226601,"['PRECIPITATION', 'feb', '17']"
529,48,"['2017', 'w10']",2017,201710,2017-03-04,3,21.156813621521,"['TEMPERATURE', 'mar', '17']",113.966262817383,"['PRECIPITATION', 'mar', '17']"
530,40,"['2017', 'w11']",2017,201711,2017-03-11,3,21.156813621521,"['TEMPERATURE', 'mar', '17']",113.966262817383,"['PRECIPITATION', 'mar', '17']"
531,42,"['2017', 'w12']",2017,201712,2017-03-18,3,21.156813621521,"['TEMPERATURE', 'mar', '17']",113.966262817383,"['PRECIPITATION', 'mar', '17']"
532,41,"['2017', 'w13']",2017,201713,2017-03-25,3,21.156813621521,"['TEMPERATURE', 'mar', '17']",113.966262817383,"['PRECIPITATION', 'mar', '17']"
533,56,"['2017', 'w14']",2017,201714,2017-04-01,4,21.9263544082642,"['TEMPERATURE', 'apr', '17']",218.512985229492,"['PRECIPITATION', 'apr', '17']"
534,43,"['2017', 'w15']",2017,201715,2017-04-08,4,21.9263544082642,"['TEMPERATURE', 'apr', '17']",218.512985229492,"['PRECIPITATION', 'apr', '17']"
535,57,"['2017', 'w16']",2017,201716,2017-04-15,4,21.9263544082642,"['TEMPERATURE', 'apr', '17']",218.512985229492,"['PRECIPITATION', 'apr', '17']"
536,38,"['2017', 'w17']",2017,201717,2017-04-22,4,21.9263544082642,"['TEMPERATURE', 'apr', '17']",218.512985229492,"['PRECIPITATION', 'apr', '17']"
537,37,"['2017', 'w18']",2017,201718,2017-04-29,4,21.9263544082642,"['TEMPERATURE', 'apr', '17']",218.512985229492,"['PRECIPITATION', 'apr', '17']"
538,40,"['2017', 'w19']",2017,201719,2017-05-06,5,21.574604988098105,"['TEMPERATURE', 'may', '17']",192.741973876953,"['PRECIPITATION', 'may', '17']"
539,46,"['2017', 'w20']",2017,201720,2017-05-13,5,21.574604988098105,"['TEMPERATURE', 'may', '17']",192.741973876953,"['PRECIPITATION', 'may', '17']"
540,47,"['2017', 'w21']",2017,201721,2017-05-20,5,21.574604988098105,"['TEMPERATURE', 'may', '17']",192.741973876953,"['PRECIPITATION', 'may', '17']"
541,42,"['2017', 'w22']",2017,201722,2017-05-27,5,21.574604988098105,"['TEMPERATURE', 'may', '17']",192.741973876953,"['PRECIPITATION', 'may', '17']"
542,33,"['2017', 'w23']",2017,201723,2017-06-03,6,21.4643564224243,"['TEMPERATURE', 'jun', '17']",185.905487060547,"['PRECIPITATION', 'jun', '17']"
543,39,"['2017', 'w24']",2017,201724,2017-06-10,6,21.4643564224243,"['TEMPERATURE', 'jun', '17']",185.905487060547,"['PRECIPITATION', 'jun', '17']"
544,24,"['2017', 'w25']",2017,201725,2017-06-17,6,21.4643564224243,"['TEMPERATURE', 'jun', '17']",185.905487060547,"['PRECIPITATION', 'jun', '17']"
545,38,"['2017', 'w26']",2017,201726,2017-06-24,6,21.4643564224243,"['TEMPERATURE', 'jun', '17']",185.905487060547,"['PRECIPITATION', 'jun', '17']"
546,51,"['2017', 'w27']",2017,201727,2017-07-01,7,22.1515617370605,"['TEMPERATURE', 'jul', '17']",109.11679077148399,"['PRECIPITATION', 'jul', '17']"
547,50,"['2017', 'w28']",2017,201728,2017-07-08,7,22.1515617370605,"['TEMPERATURE', 'jul', '17']",109.11679077148399,"['PRECIPITATION', 'jul', '17']"
548,38,"['2017', 'w29']",2017,201729,2017-07-15,7,22.1515617370605,"['TEMPERATURE', 'jul', '17']",109.11679077148399,"['PRECIPITATION', 'jul', '17']"
549,36,"['2017', 'w30']",2017,201730,2017-07-22,7,22.1515617370605,"['TEMPERATURE', 'jul', '17']",109.11679077148399,"['PRECIPITATION', 'jul', '17']"
550,38,"['2017', 'w31']",2017,201731,2017-07-29,7,22.1515617370605,"['TEMPERATURE', 'jul', '17']",109.11679077148399,"['PRECIPITATION', 'jul', '17']"
551,27,"['2017', 'w32']",2017,201732,2017-08-05,8,21.2206473350525,"['TEMPERATURE', 'aug', '17']",323.284515380859,"['PRECIPITATION', 'aug', '17']"
552,14,"['2017', 'w33']",2017,201733,2017-08-12,8,21.2206473350525,"['TEMPERATURE', 'aug', '17']",323.284515380859,"['PRECIPITATION', 'aug', '17']"
553,44,"['2017', 'w34']",2017,201734,2017-08-19,8,21.2206473350525,"['TEMPERATURE', 'aug', '17']",323.284515380859,"['PRECIPITATION', 'aug', '17']"
554,29,"['2017', 'w35']",2017,201735,2017-08-26,8,21.2206473350525,"['TEMPERATURE', 'aug', '17']",323.284515380859,"['PRECIPITATION', 'aug', '17']"
555,31,"['2017', 'w36']",2017,201736,2017-09-02,9,21.848070144653306,"['TEMPERATURE', 'sep', '17']",248.888854980469,"['PRECIPITATION', 'sep', '17']"
556,39,"['2017', 'w37']",2017,201737,2017-09-09,9,21.848070144653306,"['TEMPERATURE', 'sep', '17']",248.888854980469,"['PRECIPITATION', 'sep', '17']"
557,37,"['2017', 'w38']",2017,201738,2017-09-16,9,21.848070144653306,"['TEMPERATURE', 'sep', '17']",248.888854980469,"['PRECIPITATION', 'sep', '17']"
558,42,"['2017', 'w39']",2017,201739,2017-09-23,9,21.848070144653306,"['TEMPERATURE', 'sep', '17']",248.888854980469,"['PRECIPITATION', 'sep', '17']"
559,31,"['2017', 'w40']",2017,201740,2017-09-30,9,21.848070144653306,"['TEMPERATURE', 'sep', '17']",248.888854980469,"['PRECIPITATION', 'sep', '17']"
560,29,"['2017', 'w41']",2017,201741,2017-10-07,10,21.0552749633789,"['TEMPERATURE', 'oct', '17']",318.701873779297,"['PRECIPITATION', 'oct', '17']"
561,27,"['2017', 'w42']",2017,201742,2017-10-14,10,21.0552749633789,"['TEMPERATURE', 'oct', '17']",318.701873779297,"['PRECIPITATION', 'oct', '17']"
562,27,"['2017', 'w43']",2017,201743,2017-10-21,10,21.0552749633789,"['TEMPERATURE', 'oct', '17']",318.701873779297,"['PRECIPITATION', 'oct', '17']"
563,24,"['2017', 'w44']",2017,201744,2017-10-28,10,21.0552749633789,"['TEMPERATURE', 'oct', '17']",318.701873779297,"['PRECIPITATION', 'oct', '17']"
564,27,"['2017', 'w45']",2017,201745,2017-11-04,11,20.936095714569106,"['TEMPERATURE', 'nov', '17']",245.842239379883,"['PRECIPITATION', 'nov', '17']"
565,22,"['2017', 'w46']",2017,201746,2017-11-11,11,20.936095714569106,"['TEMPERATURE', 'nov', '17']",245.842239379883,"['PRECIPITATION', 'nov', '17']"
566,28,"['2017', 'w47']",2017,201747,2017-11-18,11,20.936095714569106,"['TEMPERATURE', 'nov', '17']",245.842239379883,"['PRECIPITATION', 'nov', '17']"
567,21,"['2017', 'w48']",2017,201748,2017-11-25,11,20.936095714569106,"['TEMPERATURE', 'nov', '17']",245.842239379883,"['PRECIPITATION', 'nov', '17']"
568,30,"['2017', 'w49']",2017,201749,2017-12-02,12,20.836353302002,"['TEMPERATURE', 'dec', '17']",152.662017822266,"['PRECIPITATION', 'dec', '17']"
569,14,"['2017', 'w50']",2017,201750,2017-12-09,12,20.836353302002,"['TEMPERATURE', 'dec', '17']",152.662017822266,"['PRECIPITATION', 'dec', '17']"
570,22,"['2017', 'w51']",2017,201751,2017-12-16,12,20.836353302002,"['TEMPERATURE', 'dec', '17']",152.662017822266,"['PRECIPITATION', 'dec', '17']"
571,19,"['2017', 'w52']",2017,201752,2017-12-23,12,20.836353302002,"['TEMPERATURE', 'dec', '17']",152.662017822266,"['PRECIPITATION', 'dec', '17']"
572,16,"['2018', 'w01']",2018,201801,2018-01-06,1,20.9797692298889,"['TEMPERATURE', 'jan', '18']",131.17672729492202,"['PRECIPITATION', 'jan', '18']"
573,35,"['2018', 'w02']",2018,201802,2018-01-13,1,20.9797692298889,"['TEMPERATURE', 'jan', '18']",131.17672729492202,"['PRECIPITATION', 'jan', '18']"
574,26,"['2018', 'w03']",2018,201803,2018-01-20,1,20.9797692298889,"['TEMPERATURE', 'jan', '18']",131.17672729492202,"['PRECIPITATION', 'jan', '18']"
575,26,"['2018', 'w04']",2018,201804,2018-01-27,1,20.9797692298889,"['TEMPERATURE', 'jan', '18']",131.17672729492202,"['PRECIPITATION', 'jan', '18']"
576,30,"['2018', 'w05']",2018,201805,2018-02-03,2,21.18084192276,"['TEMPERATURE', 'feb', '18']",86.1315536499023,"['PRECIPITATION', 'feb', '18']"
577,22,"['2018', 'w06']",2018,201806,2018-02-10,2,21.18084192276,"['TEMPERATURE', 'feb', '18']",86.1315536499023,"['PRECIPITATION', 'feb', '18']"
578,23,"['2018', 'w07']",2018,201807,2018-02-17,2,21.18084192276,"['TEMPERATURE', 'feb', '18']",86.1315536499023,"['PRECIPITATION', 'feb', '18']"
579,21,"['2018', 'w08']",2018,201808,2018-02-24,2,21.18084192276,"['TEMPERATURE', 'feb', '18']",86.1315536499023,"['PRECIPITATION', 'feb', '18']"
580,25,"['2018', 'w09']",2018,201809,2018-03-03,3,21.726171493530305,"['TEMPERATURE', 'mar', '18']",140.323318481445,"['PRECIPITATION', 'mar', '18']"
581,22,"['2018', 'w10']",2018,201810,2018-03-10,3,21.726171493530305,"['TEMPERATURE', 'mar', '18']",140.323318481445,"['PRECIPITATION', 'mar', '18']"
582,14,"['2018', 'w11']",2018,201811,2018-03-17,3,21.726171493530305,"['TEMPERATURE', 'mar', '18']",140.323318481445,"['PRECIPITATION', 'mar', '18']"
583,24,"['2018', 'w12']",2018,201812,2018-03-24,3,21.726171493530305,"['TEMPERATURE', 'mar', '18']",140.323318481445,"['PRECIPITATION', 'mar', '18']"
584,20,"['2018', 'w13']",2018,201813,2018-03-31,3,21.726171493530305,"['TEMPERATURE', 'mar', '18']",140.323318481445,"['PRECIPITATION', 'mar', '18']"
585,24,"['2018', 'w14']",2018,201814,2018-04-07,4,21.1242713928223,"['TEMPERATURE', 'apr', '18']",267.799438476562,"['PRECIPITATION', 'apr', '18']"
586,22,"['2018', 'w15']",2018,201815,2018-04-14,4,21.1242713928223,"['TEMPERATURE', 'apr', '18']",267.799438476562,"['PRECIPITATION', 'apr', '18']"
587,22,"['2018', 'w16']",2018,201816,2018-04-21,4,21.1242713928223,"['TEMPERATURE', 'apr', '18']",267.799438476562,"['PRECIPITATION', 'apr', '18']"
588,20,"['2018', 'w17']",2018,201817,2018-04-28,4,21.1242713928223,"['TEMPERATURE', 'apr', '18']",267.799438476562,"['PRECIPITATION', 'apr', '18']"
589,24,"['2018', 'w18']",2018,201818,2018-05-05,5,21.0373649597168,"['TEMPERATURE', 'may', '18']",418.379302978516,"['PRECIPITATION', 'may', '18']"
590,20,"['2018', 'w19']",2018,201819,2018-05-12,5,21.0373649597168,"['TEMPERATURE', 'may', '18']",418.379302978516,"['PRECIPITATION', 'may', '18']"
591,21,"['2018', 'w20']",2018,201820,2018-05-19,5,21.0373649597168,"['TEMPERATURE', 'may', '18']",418.379302978516,"['PRECIPITATION', 'may', '18']"
592,17,"['2018', 'w21']",2018,201821,2018-05-26,5,21.0373649597168,"['TEMPERATURE', 'may', '18']",418.379302978516,"['PRECIPITATION', 'may', '18']"
593,19,"['2018', 'w22']",2018,201822,2018-06-02,6,21.4571514129639,"['TEMPERATURE', 'jun', '18']",219.43675231933602,"['PRECIPITATION', 'jun', '18']"
594,23,"['2018', 'w23']",2018,201823,2018-06-09,6,21.4571514129639,"['TEMPERATURE', 'jun', '18']",219.43675231933602,"['PRECIPITATION', 'jun', '18']"
595,22,"['2018', 'w24']",2018,201824,2018-06-16,6,21.4571514129639,"['TEMPERATURE', 'jun', '18']",219.43675231933602,"['PRECIPITATION', 'jun', '18']"
596,23,"['2018', 'w25']",2018,201825,2018-06-23,6,21.4571514129639,"['TEMPERATURE', 'jun', '18']",219.43675231933602,"['PRECIPITATION', 'jun', '18']"
597,23,"['2018', 'w26']",2018,201826,2018-06-30,6,21.4571514129639,"['TEMPERATURE', 'jun', '18']",219.43675231933602,"['PRECIPITATION', 'jun', '18']"
598,27,"['2018', 'w27']",2018,201827,2018-07-07,7,21.952168464660602,"['TEMPERATURE', 'jul', '18']",180.841247558594,"['PRECIPITATION', 'jul', '18']"
599,35,"['2018', 'w28']",2018,201828,2018-07-14,7,21.952168464660602,"['TEMPERATURE', 'jul', '18']",180.841247558594,"['PRECIPITATION', 'jul', '18']"
600,22,"['2018', 'w29']",2018,201829,2018-07-21,7,21.952168464660602,"['TEMPERATURE', 'jul', '18']",180.841247558594,"['PRECIPITATION', 'jul', '18']"
601,19,"['2018', 'w30']",2018,201830,2018-07-28,7,21.952168464660602,"['TEMPERATURE', 'jul', '18']",180.841247558594,"['PRECIPITATION', 'jul', '18']"
602,20,"['2018', 'w31']",2018,201831,2018-08-04,8,21.7194323539734,"['TEMPERATURE', 'aug', '18']",200.803131103516,"['PRECIPITATION', 'aug', '18']"
603,22,"['2018', 'w32']",2018,201832,2018-08-11,8,21.7194323539734,"['TEMPERATURE', 'aug', '18']",200.803131103516,"['PRECIPITATION', 'aug', '18']"
604,18,"['2018', 'w33']",2018,201833,2018-08-18,8,21.7194323539734,"['TEMPERATURE', 'aug', '18']",200.803131103516,"['PRECIPITATION', 'aug', '18']"
605,25,"['2018', 'w34']",2018,201834,2018-08-25,8,21.7194323539734,"['TEMPERATURE', 'aug', '18']",200.803131103516,"['PRECIPITATION', 'aug', '18']"
606,27,"['2018', 'w35']",2018,201835,2018-09-01,9,21.3472018241882,"['TEMPERATURE', 'sep', '18']",294.88861083984403,"['PRECIPITATION', 'sep', '18']"
607,25,"['2018', 'w36']",2018,201836,2018-09-08,9,21.3472018241882,"['TEMPERATURE', 'sep', '18']",294.88861083984403,"['PRECIPITATION', 'sep', '18']"
608,12,"['2018', 'w37']",2018,201837,2018-09-15,9,21.3472018241882,"['TEMPERATURE', 'sep', '18']",294.88861083984403,"['PRECIPITATION', 'sep', '18']"
609,22,"['2018', 'w38']",2018,201838,2018-09-22,9,21.3472018241882,"['TEMPERATURE', 'sep', '18']",294.88861083984403,"['PRECIPITATION', 'sep', '18']"
610,22,"['2018', 'w39']",2018,201839,2018-09-29,9,21.3472018241882,"['TEMPERATURE', 'sep', '18']",294.88861083984403,"['PRECIPITATION', 'sep', '18']"
611,27,"['2018', 'w40']",2018,201840,2018-10-06,10,20.748416423797604,"['TEMPERATURE', 'oct', '18']",302.15130615234403,"['PRECIPITATION', 'oct', '18']"
612,23,"['2018', 'w41']",2018,201841,2018-10-13,10,20.748416423797604,"['TEMPERATURE', 'oct', '18']",302.15130615234403,"['PRECIPITATION', 'oct', '18']"
613,24,"['2018', 'w42']",2018,201842,2018-10-20,10,20.748416423797604,"['TEMPERATURE', 'oct', '18']",302.15130615234403,"['PRECIPITATION', 'oct', '18']"
614,24,"['2018', 'w43']",2018,201843,2018-10-27,10,20.748416423797604,"['TEMPERATURE', 'oct', '18']",302.15130615234403,"['PRECIPITATION', 'oct', '18']"
615,17,"['2018', 'w44']",2018,201844,2018-11-03,11,20.8867034912109,"['TEMPERATURE', 'nov', '18']",276.91455078125,"['PRECIPITATION', 'nov', '18']"
616,20,"['2018', 'w45']",2018,201845,2018-11-10,11,20.8867034912109,"['TEMPERATURE', 'nov', '18']",276.91455078125,"['PRECIPITATION', 'nov', '18']"
617,15,"['2018', 'w46']",2018,201846,2018-11-17,11,20.8867034912109,"['TEMPERATURE', 'nov', '18']",276.91455078125,"['PRECIPITATION', 'nov', '18']"
618,41,"['2018', 'w47']",2018,201847,2018-11-24,11,20.8867034912109,"['TEMPERATURE', 'nov', '18']",276.91455078125,"['PRECIPITATION', 'nov', '18']"
619,28,"['2018', 'w48']",2018,201848,2018-12-01,12,20.9363527297974,"['TEMPERATURE', 'dec', '18']",67.5279998779297,"['PRECIPITATION', 'dec', '18']"
620,12,"['2018', 'w49']",2018,201849,2018-12-08,12,20.9363527297974,"['TEMPERATURE', 'dec', '18']",67.5279998779297,"['PRECIPITATION', 'dec', '18']"
621,27,"['2018', 'w50']",2018,201850,2018-12-15,12,20.9363527297974,"['TEMPERATURE', 'dec', '18']",67.5279998779297,"['PRECIPITATION', 'dec', '18']"
622,17,"['2018', 'w51']",2018,201851,2018-12-22,12,20.9363527297974,"['TEMPERATURE', 'dec', '18']",67.5279998779297,"['PRECIPITATION', 'dec', '18']"
623,17,"['2018', 'w52']",2018,201852,2018-12-29,12,20.9363527297974,"['TEMPERATURE', 'dec', '18']",67.5279998779297,"['PRECIPITATION', 'dec', '18']"
